"stn_name","year","month","day","daily_rainfall","stn_code"
"Yishun",2016,1,1,6.4,"S91"
"Yishun",2016,1,2,23.8,"S91"
"Yishun",2016,1,3,1.2,"S91"
"Yishun",2016,1,4,0.2,"S91"
"Yishun",2016,1,5,0,"S91"
"Yishun",2016,1,6,0,"S91"
"Yishun",2016,1,7,0,"S91"
"Yishun",2016,1,8,0,"S91"
"Yishun",2016,1,9,0,"S91"
"Yishun",2016,1,10,0,"S91"
"Yishun",2016,1,11,3.2,"S91"
"Yishun",2016,1,12,0,"S91"
"Yishun",2016,1,13,0,"S91"
"Yishun",2016,1,14,1.4,"S91"
"Yishun",2016,1,15,36.6,"S91"
"Yishun",2016,1,16,0.2,"S91"
"Yishun",2016,1,17,48.4,"S91"
"Yishun",2016,1,18,0.8,"S91"
"Yishun",2016,1,19,0.2,"S91"
"Yishun",2016,1,20,0.6,"S91"
"Yishun",2016,1,21,0.2,"S91"
"Yishun",2016,1,22,1.8,"S91"
"Yishun",2016,1,23,0.6,"S91"
"Yishun",2016,1,24,0,"S91"
"Yishun",2016,1,25,6.8,"S91"
"Yishun",2016,1,26,0.8,"S91"
"Yishun",2016,1,27,0,"S91"
"Yishun",2016,1,28,15.4,"S91"
"Yishun",2016,1,29,1.4,"S91"
"Yishun",2016,1,30,0,"S91"
"Yishun",2016,1,31,0,"S91"
"Whampoa",2016,1,1,2.2,"S123"
"Whampoa",2016,1,2,23.8,"S123"
"Whampoa",2016,1,3,2.2,"S123"
"Whampoa",2016,1,4,2.8,"S123"
"Whampoa",2016,1,5,0,"S123"
"Whampoa",2016,1,6,1.6,"S123"
"Whampoa",2016,1,7,0,"S123"
"Whampoa",2016,1,8,0,"S123"
"Whampoa",2016,1,9,7.8,"S123"
"Whampoa",2016,1,10,0,"S123"
"Whampoa",2016,1,11,3.6,"S123"
"Whampoa",2016,1,12,0.2,"S123"
"Whampoa",2016,1,13,0,"S123"
"Whampoa",2016,1,14,1.4,"S123"
"Whampoa",2016,1,15,12.2,"S123"
"Whampoa",2016,1,16,25.8,"S123"
"Whampoa",2016,1,17,3.2,"S123"
"Whampoa",2016,1,18,0.4,"S123"
"Whampoa",2016,1,19,5.8,"S123"
"Whampoa",2016,1,20,5.2,"S123"
"Whampoa",2016,1,21,0.4,"S123"
"Whampoa",2016,1,22,20.8,"S123"
"Whampoa",2016,1,23,6.4,"S123"
"Whampoa",2016,1,24,1.6,"S123"
"Whampoa",2016,1,25,4.8,"S123"
"Whampoa",2016,1,26,5.4,"S123"
"Whampoa",2016,1,27,0,"S123"
"Whampoa",2016,1,28,0,"S123"
"Whampoa",2016,1,29,0,"S123"
"Whampoa",2016,1,30,0,"S123"
"Whampoa",2016,1,31,2.2,"S123"
"Upper Thomson",2016,1,1,9.2,"S46"
"Upper Thomson",2016,1,2,27.8,"S46"
"Upper Thomson",2016,1,3,0.8,"S46"
"Upper Thomson",2016,1,4,2.4,"S46"
"Upper Thomson",2016,1,5,1,"S46"
"Upper Thomson",2016,1,6,0.6,"S46"
"Upper Thomson",2016,1,7,0,"S46"
"Upper Thomson",2016,1,8,0,"S46"
"Upper Thomson",2016,1,9,0.6,"S46"
"Upper Thomson",2016,1,10,0,"S46"
"Upper Thomson",2016,1,11,17.2,"S46"
"Upper Thomson",2016,1,12,0,"S46"
"Upper Thomson",2016,1,13,0,"S46"
"Upper Thomson",2016,1,14,6,"S46"
"Upper Thomson",2016,1,15,17.8,"S46"
"Upper Thomson",2016,1,16,5.2,"S46"
"Upper Thomson",2016,1,17,10,"S46"
"Upper Thomson",2016,1,18,24,"S46"
"Upper Thomson",2016,1,19,10.6,"S46"
"Upper Thomson",2016,1,20,3.2,"S46"
"Upper Thomson",2016,1,21,0.2,"S46"
"Upper Thomson",2016,1,22,28,"S46"
"Upper Thomson",2016,1,23,1.4,"S46"
"Upper Thomson",2016,1,24,0.2,"S46"
"Upper Thomson",2016,1,25,2.6,"S46"
"Upper Thomson",2016,1,26,1.6,"S46"
"Upper Thomson",2016,1,27,0,"S46"
"Upper Thomson",2016,1,28,1.8,"S46"
"Upper Thomson",2016,1,29,1,"S46"
"Upper Thomson",2016,1,30,0,"S46"
"Upper Thomson",2016,1,31,1.2,"S46"
"Upper Peirce Reservoir",2016,1,1,7,"S69"
"Upper Peirce Reservoir",2016,1,2,27.2,"S69"
"Upper Peirce Reservoir",2016,1,3,0.4,"S69"
"Upper Peirce Reservoir",2016,1,4,0.2,"S69"
"Upper Peirce Reservoir",2016,1,5,0,"S69"
"Upper Peirce Reservoir",2016,1,6,0,"S69"
"Upper Peirce Reservoir",2016,1,7,0,"S69"
"Upper Peirce Reservoir",2016,1,8,0,"S69"
"Upper Peirce Reservoir",2016,1,9,0,"S69"
"Upper Peirce Reservoir",2016,1,10,0,"S69"
"Upper Peirce Reservoir",2016,1,11,12.4,"S69"
"Upper Peirce Reservoir",2016,1,12,0,"S69"
"Upper Peirce Reservoir",2016,1,13,0,"S69"
"Upper Peirce Reservoir",2016,1,14,3.4,"S69"
"Upper Peirce Reservoir",2016,1,15,21.2,"S69"
"Upper Peirce Reservoir",2016,1,16,0,"S69"
"Upper Peirce Reservoir",2016,1,17,4.4,"S69"
"Upper Peirce Reservoir",2016,1,18,19.8,"S69"
"Upper Peirce Reservoir",2016,1,19,1.4,"S69"
"Upper Peirce Reservoir",2016,1,20,1.6,"S69"
"Upper Peirce Reservoir",2016,1,21,0.4,"S69"
"Upper Peirce Reservoir",2016,1,22,22.6,"S69"
"Upper Peirce Reservoir",2016,1,23,3.4,"S69"
"Upper Peirce Reservoir",2016,1,24,0,"S69"
"Upper Peirce Reservoir",2016,1,25,3.4,"S69"
"Upper Peirce Reservoir",2016,1,26,1.4,"S69"
"Upper Peirce Reservoir",2016,1,27,0,"S69"
"Upper Peirce Reservoir",2016,1,28,3.6,"S69"
"Upper Peirce Reservoir",2016,1,29,0.4,"S69"
"Upper Peirce Reservoir",2016,1,30,0,"S69"
"Upper Peirce Reservoir",2016,1,31,1.8,"S69"
"Ulu Pandan",2016,1,1,9.6,"S35"
"Ulu Pandan",2016,1,2,21.8,"S35"
"Ulu Pandan",2016,1,3,0,"S35"
"Ulu Pandan",2016,1,4,9.4,"S35"
"Ulu Pandan",2016,1,5,0.4,"S35"
"Ulu Pandan",2016,1,6,1,"S35"
"Ulu Pandan",2016,1,7,0,"S35"
"Ulu Pandan",2016,1,8,0,"S35"
"Ulu Pandan",2016,1,9,0,"S35"
"Ulu Pandan",2016,1,10,0,"S35"
"Ulu Pandan",2016,1,11,2.8,"S35"
"Ulu Pandan",2016,1,12,0,"S35"
"Ulu Pandan",2016,1,13,0,"S35"
"Ulu Pandan",2016,1,14,7.8,"S35"
"Ulu Pandan",2016,1,15,2.4,"S35"
"Ulu Pandan",2016,1,16,0,"S35"
"Ulu Pandan",2016,1,17,13.4,"S35"
"Ulu Pandan",2016,1,18,8.2,"S35"
"Ulu Pandan",2016,1,19,2.4,"S35"
"Ulu Pandan",2016,1,20,7.6,"S35"
"Ulu Pandan",2016,1,21,0.2,"S35"
"Ulu Pandan",2016,1,22,58.2,"S35"
"Ulu Pandan",2016,1,23,4,"S35"
"Ulu Pandan",2016,1,24,1.6,"S35"
"Ulu Pandan",2016,1,25,14,"S35"
"Ulu Pandan",2016,1,26,2,"S35"
"Ulu Pandan",2016,1,27,0,"S35"
"Ulu Pandan",2016,1,28,18.4,"S35"
"Ulu Pandan",2016,1,29,19.6,"S35"
"Ulu Pandan",2016,1,30,0,"S35"
"Ulu Pandan",2016,1,31,5.4,"S35"
"Tuas South",2016,1,1,15.4,"S115"
"Tuas South",2016,1,2,5,"S115"
"Tuas South",2016,1,3,0.2,"S115"
"Tuas South",2016,1,4,19,"S115"
"Tuas South",2016,1,5,0.2,"S115"
"Tuas South",2016,1,6,0.8,"S115"
"Tuas South",2016,1,7,0,"S115"
"Tuas South",2016,1,8,0,"S115"
"Tuas South",2016,1,9,0,"S115"
"Tuas South",2016,1,10,0,"S115"
"Tuas South",2016,1,11,7.4,"S115"
"Tuas South",2016,1,12,0.2,"S115"
"Tuas South",2016,1,13,7.6,"S115"
"Tuas South",2016,1,14,43,"S115"
"Tuas South",2016,1,15,22.4,"S115"
"Tuas South",2016,1,16,0,"S115"
"Tuas South",2016,1,17,7.4,"S115"
"Tuas South",2016,1,18,22.6,"S115"
"Tuas South",2016,1,19,22.6,"S115"
"Tuas South",2016,1,20,6.6,"S115"
"Tuas South",2016,1,21,0.2,"S115"
"Tuas South",2016,1,22,12.6,"S115"
"Tuas South",2016,1,23,0.8,"S115"
"Tuas South",2016,1,24,3.8,"S115"
"Tuas South",2016,1,25,13.8,"S115"
"Tuas South",2016,1,26,2,"S115"
"Tuas South",2016,1,27,0,"S115"
"Tuas South",2016,1,28,6.4,"S115"
"Tuas South",2016,1,29,31.8,"S115"
"Tuas South",2016,1,30,0.2,"S115"
"Tuas South",2016,1,31,29.6,"S115"
"Tuas",2016,1,1,19.4,"S89"
"Tuas",2016,1,2,5.2,"S89"
"Tuas",2016,1,3,0,"S89"
"Tuas",2016,1,4,4,"S89"
"Tuas",2016,1,5,13.4,"S89"
"Tuas",2016,1,6,0.8,"S89"
"Tuas",2016,1,7,0,"S89"
"Tuas",2016,1,8,0,"S89"
"Tuas",2016,1,9,0,"S89"
"Tuas",2016,1,10,0,"S89"
"Tuas",2016,1,11,31,"S89"
"Tuas",2016,1,12,0,"S89"
"Tuas",2016,1,13,1.2,"S89"
"Tuas",2016,1,14,31.8,"S89"
"Tuas",2016,1,15,8.2,"S89"
"Tuas",2016,1,16,0.8,"S89"
"Tuas",2016,1,17,38.6,"S89"
"Tuas",2016,1,18,15.6,"S89"
"Tuas",2016,1,19,5.4,"S89"
"Tuas",2016,1,20,15.6,"S89"
"Tuas",2016,1,21,0,"S89"
"Tuas",2016,1,22,4.8,"S89"
"Tuas",2016,1,23,13.2,"S89"
"Tuas",2016,1,24,1.2,"S89"
"Tuas",2016,1,25,8.8,"S89"
"Tuas",2016,1,26,1.6,"S89"
"Tuas",2016,1,27,0,"S89"
"Tuas",2016,1,28,22.6,"S89"
"Tuas",2016,1,29,20,"S89"
"Tuas",2016,1,30,0,"S89"
"Tuas",2016,1,31,13,"S89"
"Toa Payoh",2016,1,1,2.4,"S88"
"Toa Payoh",2016,1,2,24.6,"S88"
"Toa Payoh",2016,1,3,1.6,"S88"
"Toa Payoh",2016,1,4,5.8,"S88"
"Toa Payoh",2016,1,5,0,"S88"
"Toa Payoh",2016,1,6,1.4,"S88"
"Toa Payoh",2016,1,7,0,"S88"
"Toa Payoh",2016,1,8,0,"S88"
"Toa Payoh",2016,1,9,7.6,"S88"
"Toa Payoh",2016,1,10,0,"S88"
"Toa Payoh",2016,1,11,16.8,"S88"
"Toa Payoh",2016,1,12,0,"S88"
"Toa Payoh",2016,1,13,0,"S88"
"Toa Payoh",2016,1,14,2,"S88"
"Toa Payoh",2016,1,15,21.6,"S88"
"Toa Payoh",2016,1,16,13.2,"S88"
"Toa Payoh",2016,1,17,9.2,"S88"
"Toa Payoh",2016,1,18,4.8,"S88"
"Toa Payoh",2016,1,19,4.8,"S88"
"Toa Payoh",2016,1,20,5,"S88"
"Toa Payoh",2016,1,21,0.4,"S88"
"Toa Payoh",2016,1,22,17.8,"S88"
"Toa Payoh",2016,1,23,7,"S88"
"Toa Payoh",2016,1,24,2.8,"S88"
"Toa Payoh",2016,1,25,6,"S88"
"Toa Payoh",2016,1,26,2.8,"S88"
"Toa Payoh",2016,1,27,0,"S88"
"Toa Payoh",2016,1,28,0,"S88"
"Toa Payoh",2016,1,29,1.4,"S88"
"Toa Payoh",2016,1,30,0,"S88"
"Toa Payoh",2016,1,31,0,"S88"
"Tengah",2016,1,1,13.6,"S23"
"Tengah",2016,1,2,4.9,"S23"
"Tengah",2016,1,3,0.1,"S23"
"Tengah",2016,1,4,0.4,"S23"
"Tengah",2016,1,5,0,"S23"
"Tengah",2016,1,6,8.4,"S23"
"Tengah",2016,1,7,0,"S23"
"Tengah",2016,1,8,0,"S23"
"Tengah",2016,1,9,0,"S23"
"Tengah",2016,1,10,0,"S23"
"Tengah",2016,1,11,18,"S23"
"Tengah",2016,1,12,0,"S23"
"Tengah",2016,1,13,0,"S23"
"Tengah",2016,1,14,13.5,"S23"
"Tengah",2016,1,15,16.3,"S23"
"Tengah",2016,1,16,0.1,"S23"
"Tengah",2016,1,17,10.9,"S23"
"Tengah",2016,1,18,8.8,"S23"
"Tengah",2016,1,19,0,"S23"
"Tengah",2016,1,20,6.3,"S23"
"Tengah",2016,1,21,0,"S23"
"Tengah",2016,1,22,12.8,"S23"
"Tengah",2016,1,23,19.8,"S23"
"Tengah",2016,1,24,0,"S23"
"Tengah",2016,1,25,14.8,"S23"
"Tengah",2016,1,26,3.5,"S23"
"Tengah",2016,1,27,0,"S23"
"Tengah",2016,1,28,37.3,"S23"
"Tengah",2016,1,29,15.7,"S23"
"Tengah",2016,1,30,0,"S23"
"Tengah",2016,1,31,3.9,"S23"
"Tanjong Katong",2016,1,1,0.4,"S78"
"Tanjong Katong",2016,1,2,11,"S78"
"Tanjong Katong",2016,1,3,3.6,"S78"
"Tanjong Katong",2016,1,4,0,"S78"
"Tanjong Katong",2016,1,5,0,"S78"
"Tanjong Katong",2016,1,6,0,"S78"
"Tanjong Katong",2016,1,7,0,"S78"
"Tanjong Katong",2016,1,8,0,"S78"
"Tanjong Katong",2016,1,9,0,"S78"
"Tanjong Katong",2016,1,10,0,"S78"
"Tanjong Katong",2016,1,11,4.4,"S78"
"Tanjong Katong",2016,1,12,0,"S78"
"Tanjong Katong",2016,1,13,4.6,"S78"
"Tanjong Katong",2016,1,14,5.2,"S78"
"Tanjong Katong",2016,1,15,13.6,"S78"
"Tanjong Katong",2016,1,16,18.2,"S78"
"Tanjong Katong",2016,1,17,4.8,"S78"
"Tanjong Katong",2016,1,18,0.8,"S78"
"Tanjong Katong",2016,1,19,5,"S78"
"Tanjong Katong",2016,1,20,0.8,"S78"
"Tanjong Katong",2016,1,21,0.4,"S78"
"Tanjong Katong",2016,1,22,4.6,"S78"
"Tanjong Katong",2016,1,23,14.2,"S78"
"Tanjong Katong",2016,1,24,0.2,"S78"
"Tanjong Katong",2016,1,25,3.2,"S78"
"Tanjong Katong",2016,1,26,7,"S78"
"Tanjong Katong",2016,1,27,0,"S78"
"Tanjong Katong",2016,1,28,1.8,"S78"
"Tanjong Katong",2016,1,29,5.6,"S78"
"Tanjong Katong",2016,1,30,0,"S78"
"Tanjong Katong",2016,1,31,4.2,"S78"
"Tai Seng",2016,1,1,3.2,"S43"
"Tai Seng",2016,1,2,29,"S43"
"Tai Seng",2016,1,3,4,"S43"
"Tai Seng",2016,1,4,1.2,"S43"
"Tai Seng",2016,1,5,0,"S43"
"Tai Seng",2016,1,6,0,"S43"
"Tai Seng",2016,1,7,0,"S43"
"Tai Seng",2016,1,8,0,"S43"
"Tai Seng",2016,1,9,0,"S43"
"Tai Seng",2016,1,10,0,"S43"
"Tai Seng",2016,1,11,0,"S43"
"Tai Seng",2016,1,12,0,"S43"
"Tai Seng",2016,1,13,0,"S43"
"Tai Seng",2016,1,14,0,"S43"
"Tai Seng",2016,1,15,13,"S43"
"Tai Seng",2016,1,16,6.4,"S43"
"Tai Seng",2016,1,17,19,"S43"
"Tai Seng",2016,1,18,0,"S43"
"Tai Seng",2016,1,19,2.6,"S43"
"Tai Seng",2016,1,20,0.4,"S43"
"Tai Seng",2016,1,21,0.6,"S43"
"Tai Seng",2016,1,22,4.4,"S43"
"Tai Seng",2016,1,23,15.6,"S43"
"Tai Seng",2016,1,24,0,"S43"
"Tai Seng",2016,1,25,1.6,"S43"
"Tai Seng",2016,1,26,6.8,"S43"
"Tai Seng",2016,1,27,0,"S43"
"Tai Seng",2016,1,28,0,"S43"
"Tai Seng",2016,1,29,8.4,"S43"
"Tai Seng",2016,1,30,0,"S43"
"Tai Seng",2016,1,31,0,"S43"
"Somerset (Road)",2016,1,1,3.4,"S79"
"Somerset (Road)",2016,1,2,19,"S79"
"Somerset (Road)",2016,1,3,1.6,"S79"
"Somerset (Road)",2016,1,4,2.8,"S79"
"Somerset (Road)",2016,1,5,0,"S79"
"Somerset (Road)",2016,1,6,0.2,"S79"
"Somerset (Road)",2016,1,7,0,"S79"
"Somerset (Road)",2016,1,8,0,"S79"
"Somerset (Road)",2016,1,9,6.8,"S79"
"Somerset (Road)",2016,1,10,0,"S79"
"Somerset (Road)",2016,1,11,16.2,"S79"
"Somerset (Road)",2016,1,12,0,"S79"
"Somerset (Road)",2016,1,13,0,"S79"
"Somerset (Road)",2016,1,14,10.2,"S79"
"Somerset (Road)",2016,1,15,24.4,"S79"
"Somerset (Road)",2016,1,16,6.4,"S79"
"Somerset (Road)",2016,1,17,12,"S79"
"Somerset (Road)",2016,1,18,19.8,"S79"
"Somerset (Road)",2016,1,19,3,"S79"
"Somerset (Road)",2016,1,20,11.4,"S79"
"Somerset (Road)",2016,1,21,0.4,"S79"
"Somerset (Road)",2016,1,22,20,"S79"
"Somerset (Road)",2016,1,23,2.4,"S79"
"Somerset (Road)",2016,1,24,2.2,"S79"
"Somerset (Road)",2016,1,25,7.2,"S79"
"Somerset (Road)",2016,1,26,7.4,"S79"
"Somerset (Road)",2016,1,27,0,"S79"
"Somerset (Road)",2016,1,28,0,"S79"
"Somerset (Road)",2016,1,29,3.2,"S79"
"Somerset (Road)",2016,1,30,0,"S79"
"Somerset (Road)",2016,1,31,4,"S79"
"Simei",2016,1,1,1.6,"S84"
"Simei",2016,1,2,29,"S84"
"Simei",2016,1,3,11.8,"S84"
"Simei",2016,1,4,0,"S84"
"Simei",2016,1,5,0,"S84"
"Simei",2016,1,6,0,"S84"
"Simei",2016,1,7,0,"S84"
"Simei",2016,1,8,0,"S84"
"Simei",2016,1,9,0.2,"S84"
"Simei",2016,1,10,0,"S84"
"Simei",2016,1,11,0,"S84"
"Simei",2016,1,12,0,"S84"
"Simei",2016,1,13,0,"S84"
"Simei",2016,1,14,0,"S84"
"Simei",2016,1,15,1.6,"S84"
"Simei",2016,1,16,10.2,"S84"
"Simei",2016,1,17,13.6,"S84"
"Simei",2016,1,18,0,"S84"
"Simei",2016,1,19,0,"S84"
"Simei",2016,1,20,0.8,"S84"
"Simei",2016,1,21,0.8,"S84"
"Simei",2016,1,22,0.2,"S84"
"Simei",2016,1,23,6.2,"S84"
"Simei",2016,1,24,0,"S84"
"Simei",2016,1,25,1.8,"S84"
"Simei",2016,1,26,7.2,"S84"
"Simei",2016,1,27,0.4,"S84"
"Simei",2016,1,28,0.8,"S84"
"Simei",2016,1,29,0.2,"S84"
"Simei",2016,1,30,0,"S84"
"Simei",2016,1,31,0,"S84"
"Serangoon North",2016,1,1,3.8,"S110"
"Serangoon North",2016,1,2,19.4,"S110"
"Serangoon North",2016,1,3,3.2,"S110"
"Serangoon North",2016,1,4,2.6,"S110"
"Serangoon North",2016,1,5,0,"S110"
"Serangoon North",2016,1,6,0.8,"S110"
"Serangoon North",2016,1,7,0,"S110"
"Serangoon North",2016,1,8,0,"S110"
"Serangoon North",2016,1,9,5.6,"S110"
"Serangoon North",2016,1,10,0,"S110"
"Serangoon North",2016,1,11,2.2,"S110"
"Serangoon North",2016,1,12,0,"S110"
"Serangoon North",2016,1,13,0,"S110"
"Serangoon North",2016,1,14,0,"S110"
"Serangoon North",2016,1,15,60.6,"S110"
"Serangoon North",2016,1,16,1.6,"S110"
"Serangoon North",2016,1,17,34,"S110"
"Serangoon North",2016,1,18,2.2,"S110"
"Serangoon North",2016,1,19,1.2,"S110"
"Serangoon North",2016,1,20,4.8,"S110"
"Serangoon North",2016,1,21,0.4,"S110"
"Serangoon North",2016,1,22,2.8,"S110"
"Serangoon North",2016,1,23,4.6,"S110"
"Serangoon North",2016,1,24,3,"S110"
"Serangoon North",2016,1,25,4.8,"S110"
"Serangoon North",2016,1,26,1.2,"S110"
"Serangoon North",2016,1,27,0,"S110"
"Serangoon North",2016,1,28,0,"S110"
"Serangoon North",2016,1,29,0.6,"S110"
"Serangoon North",2016,1,30,0,"S110"
"Serangoon North",2016,1,31,0,"S110"
"Serangoon",2016,1,1,2,"S36"
"Serangoon",2016,1,2,29,"S36"
"Serangoon",2016,1,3,2.6,"S36"
"Serangoon",2016,1,4,6,"S36"
"Serangoon",2016,1,8,0,"S36"
"Serangoon",2016,1,9,8.6,"S36"
"Serangoon",2016,1,10,0,"S36"
"Serangoon",2016,1,11,1.2,"S36"
"Serangoon",2016,1,12,0,"S36"
"Serangoon",2016,1,13,0,"S36"
"Serangoon",2016,1,14,3.6,"S36"
"Serangoon",2016,1,15,16,"S36"
"Serangoon",2016,1,16,22,"S36"
"Serangoon",2016,1,17,8,"S36"
"Serangoon",2016,1,18,1.2,"S36"
"Serangoon",2016,1,19,5.4,"S36"
"Serangoon",2016,1,20,2.8,"S36"
"Serangoon",2016,1,21,0.6,"S36"
"Serangoon",2016,1,22,14.4,"S36"
"Serangoon",2016,1,23,5.2,"S36"
"Serangoon",2016,1,24,1.8,"S36"
"Serangoon",2016,1,25,7,"S36"
"Serangoon",2016,1,26,3.6,"S36"
"Serangoon",2016,1,27,0,"S36"
"Serangoon",2016,1,28,0,"S36"
"Serangoon",2016,1,29,2.6,"S36"
"Serangoon",2016,1,30,0,"S36"
"Serangoon",2016,1,31,0.2,"S36"
"Sentosa Island",2016,1,1,5.2,"S60"
"Sentosa Island",2016,1,2,27.6,"S60"
"Sentosa Island",2016,1,3,2,"S60"
"Sentosa Island",2016,1,4,16.2,"S60"
"Sentosa Island",2016,1,5,0,"S60"
"Sentosa Island",2016,1,6,0.8,"S60"
"Sentosa Island",2016,1,7,0,"S60"
"Sentosa Island",2016,1,8,0,"S60"
"Sentosa Island",2016,1,9,1,"S60"
"Sentosa Island",2016,1,10,0,"S60"
"Sentosa Island",2016,1,11,31.6,"S60"
"Sentosa Island",2016,1,12,0,"S60"
"Sentosa Island",2016,1,13,0,"S60"
"Sentosa Island",2016,1,14,18.2,"S60"
"Sentosa Island",2016,1,15,19.8,"S60"
"Sentosa Island",2016,1,16,0.2,"S60"
"Sentosa Island",2016,1,17,0,"S60"
"Sentosa Island",2016,1,18,35.8,"S60"
"Sentosa Island",2016,1,19,3.8,"S60"
"Sentosa Island",2016,1,20,7,"S60"
"Sentosa Island",2016,1,22,9.8,"S60"
"Sentosa Island",2016,1,25,1,"S60"
"Sembawang",2016,1,1,10.7,"S80"
"Sembawang",2016,1,2,20.1,"S80"
"Sembawang",2016,1,3,0.5,"S80"
"Sembawang",2016,1,4,0,"S80"
"Sembawang",2016,1,5,0,"S80"
"Sembawang",2016,1,6,0,"S80"
"Sembawang",2016,1,7,0,"S80"
"Sembawang",2016,1,8,0,"S80"
"Sembawang",2016,1,9,0,"S80"
"Sembawang",2016,1,10,0,"S80"
"Sembawang",2016,1,11,13.3,"S80"
"Sembawang",2016,1,12,0,"S80"
"Sembawang",2016,1,13,0,"S80"
"Sembawang",2016,1,14,5.2,"S80"
"Sembawang",2016,1,15,32.2,"S80"
"Sembawang",2016,1,16,0,"S80"
"Sembawang",2016,1,17,35,"S80"
"Sembawang",2016,1,18,1.2,"S80"
"Sembawang",2016,1,19,0,"S80"
"Sembawang",2016,1,20,0.6,"S80"
"Sembawang",2016,1,21,0,"S80"
"Sembawang",2016,1,22,1.7,"S80"
"Sembawang",2016,1,23,0,"S80"
"Sembawang",2016,1,24,0,"S80"
"Sembawang",2016,1,25,5.9,"S80"
"Sembawang",2016,1,26,0.7,"S80"
"Sembawang",2016,1,27,0,"S80"
"Sembawang",2016,1,28,12.5,"S80"
"Sembawang",2016,1,29,5.9,"S80"
"Sembawang",2016,1,30,0,"S80"
"Sembawang",2016,1,31,0.9,"S80"
"Semakau Island",2016,1,1,12,"S102"
"Semakau Island",2016,1,2,18.6,"S102"
"Semakau Island",2016,1,3,0.4,"S102"
"Semakau Island",2016,1,4,5,"S102"
"Semakau Island",2016,1,5,0,"S102"
"Semakau Island",2016,1,6,1,"S102"
"Semakau Island",2016,1,7,0,"S102"
"Semakau Island",2016,1,8,0.8,"S102"
"Semakau Island",2016,1,9,0.6,"S102"
"Semakau Island",2016,1,10,0,"S102"
"Semakau Island",2016,1,11,2.4,"S102"
"Semakau Island",2016,1,12,0,"S102"
"Semakau Island",2016,1,13,0,"S102"
"Semakau Island",2016,1,14,2.2,"S102"
"Semakau Island",2016,1,15,1,"S102"
"Semakau Island",2016,1,16,0,"S102"
"Semakau Island",2016,1,17,0,"S102"
"Semakau Island",2016,1,18,26.2,"S102"
"Semakau Island",2016,1,19,4.8,"S102"
"Semakau Island",2016,1,20,0.8,"S102"
"Semakau Island",2016,1,21,0,"S102"
"Semakau Island",2016,1,22,34.4,"S102"
"Semakau Island",2016,1,23,17.8,"S102"
"Semakau Island",2016,1,24,0,"S102"
"Semakau Island",2016,1,25,3,"S102"
"Semakau Island",2016,1,26,15,"S102"
"Semakau Island",2016,1,27,0,"S102"
"Semakau Island",2016,1,28,27,"S102"
"Semakau Island",2016,1,29,30,"S102"
"Semakau Island",2016,1,30,0,"S102"
"Semakau Island",2016,1,31,13.8,"S102"
"Seletar",2016,1,1,0.5,"S25"
"Seletar",2016,1,2,23.1,"S25"
"Seletar",2016,1,3,3.3,"S25"
"Seletar",2016,1,4,0,"S25"
"Seletar",2016,1,5,0,"S25"
"Seletar",2016,1,6,0,"S25"
"Seletar",2016,1,7,0,"S25"
"Seletar",2016,1,8,0,"S25"
"Seletar",2016,1,9,0,"S25"
"Seletar",2016,1,10,0,"S25"
"Seletar",2016,1,11,0,"S25"
"Seletar",2016,1,12,0,"S25"
"Seletar",2016,1,13,0,"S25"
"Seletar",2016,1,14,0,"S25"
"Seletar",2016,1,15,24.4,"S25"
"Seletar",2016,1,16,2.2,"S25"
"Seletar",2016,1,17,43,"S25"
"Seletar",2016,1,18,2.8,"S25"
"Seletar",2016,1,19,1.4,"S25"
"Seletar",2016,1,20,0.6,"S25"
"Seletar",2016,1,21,0.2,"S25"
"Seletar",2016,1,22,4.4,"S25"
"Seletar",2016,1,23,2,"S25"
"Seletar",2016,1,24,1.2,"S25"
"Seletar",2016,1,25,8.2,"S25"
"Seletar",2016,1,26,0.8,"S25"
"Seletar",2016,1,27,0,"S25"
"Seletar",2016,1,28,0.8,"S25"
"Seletar",2016,1,29,0.4,"S25"
"Seletar",2016,1,30,0,"S25"
"Seletar",2016,1,31,0,"S25"
"Queenstown",2016,1,1,1,"S77"
"Queenstown",2016,1,2,18,"S77"
"Queenstown",2016,1,3,0.8,"S77"
"Queenstown",2016,1,4,10.6,"S77"
"Queenstown",2016,1,5,0,"S77"
"Queenstown",2016,1,6,0,"S77"
"Queenstown",2016,1,7,0,"S77"
"Queenstown",2016,1,8,0,"S77"
"Queenstown",2016,1,9,7.2,"S77"
"Queenstown",2016,1,10,0,"S77"
"Queenstown",2016,1,11,23.2,"S77"
"Queenstown",2016,1,12,0,"S77"
"Queenstown",2016,1,13,0,"S77"
"Queenstown",2016,1,14,14.8,"S77"
"Queenstown",2016,1,15,19,"S77"
"Queenstown",2016,1,16,1,"S77"
"Queenstown",2016,1,17,13,"S77"
"Queenstown",2016,1,18,28,"S77"
"Queenstown",2016,1,19,1.8,"S77"
"Queenstown",2016,1,20,6.4,"S77"
"Queenstown",2016,1,21,0.2,"S77"
"Queenstown",2016,1,22,48.6,"S77"
"Queenstown",2016,1,23,0.4,"S77"
"Queenstown",2016,1,24,0,"S77"
"Queenstown",2016,1,25,11.4,"S77"
"Queenstown",2016,1,26,4,"S77"
"Queenstown",2016,1,27,0,"S77"
"Queenstown",2016,1,28,6.2,"S77"
"Queenstown",2016,1,29,14.4,"S77"
"Queenstown",2016,1,30,0,"S77"
"Queenstown",2016,1,31,4.2,"S77"
"Punggol",2016,1,1,3.2,"S81"
"Punggol",2016,1,2,16.6,"S81"
"Punggol",2016,1,3,9.8,"S81"
"Punggol",2016,1,4,2,"S81"
"Punggol",2016,1,5,0,"S81"
"Punggol",2016,1,6,0.8,"S81"
"Punggol",2016,1,7,0,"S81"
"Punggol",2016,1,8,0,"S81"
"Punggol",2016,1,9,0,"S81"
"Punggol",2016,1,10,0,"S81"
"Punggol",2016,1,11,0,"S81"
"Punggol",2016,1,12,0,"S81"
"Punggol",2016,1,13,0,"S81"
"Punggol",2016,1,14,0,"S81"
"Punggol",2016,1,15,0,"S81"
"Punggol",2016,1,16,11.4,"S81"
"Punggol",2016,1,17,27.6,"S81"
"Punggol",2016,1,18,0,"S81"
"Punggol",2016,1,19,0,"S81"
"Punggol",2016,1,20,0.8,"S81"
"Punggol",2016,1,21,0.2,"S81"
"Punggol",2016,1,22,1.4,"S81"
"Punggol",2016,1,24,0,"S81"
"Punggol",2016,1,26,2,"S81"
"Punggol",2016,1,27,0.4,"S81"
"Punggol",2016,1,28,0,"S81"
"Punggol",2016,1,29,2.2,"S81"
"Punggol",2016,1,30,0,"S81"
"Punggol",2016,1,31,0,"S81"
"Pulau Ubin",2016,1,1,3.4,"S106"
"Pulau Ubin",2016,1,2,36.2,"S106"
"Pulau Ubin",2016,1,3,16.2,"S106"
"Pulau Ubin",2016,1,4,0,"S106"
"Pulau Ubin",2016,1,5,0,"S106"
"Pulau Ubin",2016,1,6,0,"S106"
"Pulau Ubin",2016,1,7,0,"S106"
"Pulau Ubin",2016,1,8,0,"S106"
"Pulau Ubin",2016,1,9,0,"S106"
"Pulau Ubin",2016,1,10,0,"S106"
"Pulau Ubin",2016,1,11,0.2,"S106"
"Pulau Ubin",2016,1,12,0,"S106"
"Pulau Ubin",2016,1,13,0,"S106"
"Pulau Ubin",2016,1,14,0,"S106"
"Pulau Ubin",2016,1,15,0.2,"S106"
"Pulau Ubin",2016,1,16,14,"S106"
"Pulau Ubin",2016,1,17,28,"S106"
"Pulau Ubin",2016,1,18,0,"S106"
"Pulau Ubin",2016,1,19,0,"S106"
"Pulau Ubin",2016,1,20,1.6,"S106"
"Pulau Ubin",2016,1,21,0.2,"S106"
"Pulau Ubin",2016,1,22,0,"S106"
"Pulau Ubin",2016,1,23,0,"S106"
"Pulau Ubin",2016,1,24,0,"S106"
"Pulau Ubin",2016,1,25,3.8,"S106"
"Pulau Ubin",2016,1,26,3.6,"S106"
"Pulau Ubin",2016,1,27,0.4,"S106"
"Pulau Ubin",2016,1,28,0,"S106"
"Pulau Ubin",2016,1,29,0,"S106"
"Pulau Ubin",2016,1,30,0,"S106"
"Pulau Ubin",2016,1,31,0,"S106"
"Paya Lebar",2016,1,1,1.1,"S06"
"Paya Lebar",2016,1,2,32.4,"S06"
"Paya Lebar",2016,1,3,10.1,"S06"
"Paya Lebar",2016,1,4,0.2,"S06"
"Paya Lebar",2016,1,5,0,"S06"
"Paya Lebar",2016,1,6,0,"S06"
"Paya Lebar",2016,1,7,0,"S06"
"Paya Lebar",2016,1,8,0,"S06"
"Paya Lebar",2016,1,9,0,"S06"
"Paya Lebar",2016,1,10,0,"S06"
"Paya Lebar",2016,1,11,0,"S06"
"Paya Lebar",2016,1,12,0,"S06"
"Paya Lebar",2016,1,13,0,"S06"
"Paya Lebar",2016,1,14,0,"S06"
"Paya Lebar",2016,1,15,1.9,"S06"
"Paya Lebar",2016,1,16,4.7,"S06"
"Paya Lebar",2016,1,17,9.4,"S06"
"Paya Lebar",2016,1,18,0,"S06"
"Paya Lebar",2016,1,19,1,"S06"
"Paya Lebar",2016,1,20,0.3,"S06"
"Paya Lebar",2016,1,21,0.8,"S06"
"Paya Lebar",2016,1,22,4,"S06"
"Paya Lebar",2016,1,23,9.6,"S06"
"Paya Lebar",2016,1,24,0.1,"S06"
"Paya Lebar",2016,1,25,2.1,"S06"
"Paya Lebar",2016,1,26,6.3,"S06"
"Paya Lebar",2016,1,27,0,"S06"
"Paya Lebar",2016,1,28,0,"S06"
"Paya Lebar",2016,1,29,2,"S06"
"Paya Lebar",2016,1,30,0,"S06"
"Paya Lebar",2016,1,31,0,"S06"
"Pasir Ris (Central)",2016,1,1,1.2,"S94"
"Pasir Ris (Central)",2016,1,2,40.4,"S94"
"Pasir Ris (Central)",2016,1,3,12.4,"S94"
"Pasir Ris (Central)",2016,1,4,0,"S94"
"Pasir Ris (Central)",2016,1,5,0,"S94"
"Pasir Ris (Central)",2016,1,6,0,"S94"
"Pasir Ris (Central)",2016,1,7,0,"S94"
"Pasir Ris (Central)",2016,1,8,0,"S94"
"Pasir Ris (Central)",2016,1,9,0.4,"S94"
"Pasir Ris (Central)",2016,1,10,0,"S94"
"Pasir Ris (Central)",2016,1,11,0,"S94"
"Pasir Ris (Central)",2016,1,12,0,"S94"
"Pasir Ris (Central)",2016,1,13,0,"S94"
"Pasir Ris (Central)",2016,1,14,0,"S94"
"Pasir Ris (Central)",2016,1,15,7,"S94"
"Pasir Ris (Central)",2016,1,16,24.8,"S94"
"Pasir Ris (Central)",2016,1,17,26.6,"S94"
"Pasir Ris (Central)",2016,1,18,0.8,"S94"
"Pasir Ris (Central)",2016,1,19,1.4,"S94"
"Pasir Ris (Central)",2016,1,20,1,"S94"
"Pasir Ris (Central)",2016,1,21,0.8,"S94"
"Pasir Ris (Central)",2016,1,22,0,"S94"
"Pasir Ris (Central)",2016,1,23,7,"S94"
"Pasir Ris (Central)",2016,1,24,0,"S94"
"Pasir Ris (Central)",2016,1,25,1,"S94"
"Pasir Ris (Central)",2016,1,26,7,"S94"
"Pasir Ris (Central)",2016,1,27,0.4,"S94"
"Pasir Ris (Central)",2016,1,28,0,"S94"
"Pasir Ris (Central)",2016,1,29,0,"S94"
"Pasir Ris (Central)",2016,1,30,0,"S94"
"Pasir Ris (Central)",2016,1,31,0,"S94"
"Pasir Ris (West)",2016,1,1,1.8,"S29"
"Pasir Ris (West)",2016,1,2,33,"S29"
"Pasir Ris (West)",2016,1,3,12,"S29"
"Pasir Ris (West)",2016,1,4,0,"S29"
"Pasir Ris (West)",2016,1,5,0,"S29"
"Pasir Ris (West)",2016,1,6,0,"S29"
"Pasir Ris (West)",2016,1,7,0,"S29"
"Pasir Ris (West)",2016,1,8,0,"S29"
"Pasir Ris (West)",2016,1,9,0,"S29"
"Pasir Ris (West)",2016,1,10,0,"S29"
"Pasir Ris (West)",2016,1,11,0,"S29"
"Pasir Ris (West)",2016,1,12,0,"S29"
"Pasir Ris (West)",2016,1,13,0,"S29"
"Pasir Ris (West)",2016,1,14,0,"S29"
"Pasir Ris (West)",2016,1,15,5.4,"S29"
"Pasir Ris (West)",2016,1,16,11.8,"S29"
"Pasir Ris (West)",2016,1,17,19,"S29"
"Pasir Ris (West)",2016,1,18,0,"S29"
"Pasir Ris (West)",2016,1,19,0,"S29"
"Pasir Ris (West)",2016,1,20,0.4,"S29"
"Pasir Ris (West)",2016,1,21,0.2,"S29"
"Pasir Ris (West)",2016,1,22,0.2,"S29"
"Pasir Ris (West)",2016,1,23,5.4,"S29"
"Pasir Ris (West)",2016,1,24,0,"S29"
"Pasir Ris (West)",2016,1,25,2.2,"S29"
"Pasir Ris (West)",2016,1,26,5,"S29"
"Pasir Ris (West)",2016,1,27,0.6,"S29"
"Pasir Ris (West)",2016,1,28,1,"S29"
"Pasir Ris (West)",2016,1,29,0.2,"S29"
"Pasir Ris (West)",2016,1,30,0,"S29"
"Pasir Ris (West)",2016,1,31,0,"S29"
"Pasir Panjang",2016,1,1,12.2,"S116"
"Pasir Panjang",2016,1,2,13.6,"S116"
"Pasir Panjang",2016,1,3,0.2,"S116"
"Pasir Panjang",2016,1,4,8.4,"S116"
"Pasir Panjang",2016,1,5,0,"S116"
"Pasir Panjang",2016,1,6,0,"S116"
"Pasir Panjang",2016,1,7,0,"S116"
"Pasir Panjang",2016,1,8,0,"S116"
"Pasir Panjang",2016,1,9,0.2,"S116"
"Pasir Panjang",2016,1,10,0,"S116"
"Pasir Panjang",2016,1,11,10.2,"S116"
"Pasir Panjang",2016,1,12,0,"S116"
"Pasir Panjang",2016,1,13,0,"S116"
"Pasir Panjang",2016,1,14,14.4,"S116"
"Pasir Panjang",2016,1,15,5.8,"S116"
"Pasir Panjang",2016,1,16,0,"S116"
"Pasir Panjang",2016,1,17,0.8,"S116"
"Pasir Panjang",2016,1,18,11.6,"S116"
"Pasir Panjang",2016,1,19,6,"S116"
"Pasir Panjang",2016,1,20,1.2,"S116"
"Pasir Panjang",2016,1,21,0,"S116"
"Pasir Panjang",2016,1,22,49.8,"S116"
"Pasir Panjang",2016,1,23,6.6,"S116"
"Pasir Panjang",2016,1,24,0.2,"S116"
"Pasir Panjang",2016,1,25,1,"S116"
"Pasir Panjang",2016,1,26,1.6,"S116"
"Pasir Panjang",2016,1,27,0,"S116"
"Pasir Panjang",2016,1,28,10.2,"S116"
"Pasir Panjang",2016,1,29,19.4,"S116"
"Pasir Panjang",2016,1,30,0,"S116"
"Pasir Panjang",2016,1,31,18.6,"S116"
"Nicoll Highway",2016,1,1,0.8,"S119"
"Nicoll Highway",2016,1,2,25.6,"S119"
"Nicoll Highway",2016,1,3,2.8,"S119"
"Nicoll Highway",2016,1,4,0.2,"S119"
"Nicoll Highway",2016,1,5,0,"S119"
"Nicoll Highway",2016,1,6,0,"S119"
"Nicoll Highway",2016,1,7,0,"S119"
"Nicoll Highway",2016,1,8,0,"S119"
"Nicoll Highway",2016,1,9,0,"S119"
"Nicoll Highway",2016,1,10,0,"S119"
"Nicoll Highway",2016,1,11,6.8,"S119"
"Nicoll Highway",2016,1,12,0,"S119"
"Nicoll Highway",2016,1,13,0,"S119"
"Nicoll Highway",2016,1,14,13.6,"S119"
"Nicoll Highway",2016,1,15,36,"S119"
"Nicoll Highway",2016,1,16,4,"S119"
"Nicoll Highway",2016,1,17,7.6,"S119"
"Nicoll Highway",2016,1,18,0.4,"S119"
"Nicoll Highway",2016,1,19,4.8,"S119"
"Nicoll Highway",2016,1,20,2.4,"S119"
"Nicoll Highway",2016,1,21,1,"S119"
"Nicoll Highway",2016,1,22,25.2,"S119"
"Nicoll Highway",2016,1,23,6.2,"S119"
"Nicoll Highway",2016,1,24,0,"S119"
"Nicoll Highway",2016,1,25,1.8,"S119"
"Nicoll Highway",2016,1,26,11.8,"S119"
"Nicoll Highway",2016,1,27,0.4,"S119"
"Nicoll Highway",2016,1,28,3.6,"S119"
"Nicoll Highway",2016,1,29,10.2,"S119"
"Nicoll Highway",2016,1,30,0,"S119"
"Nicoll Highway",2016,1,31,9,"S119"
"Newton",2016,1,1,0.8,"S111"
"Newton",2016,1,2,22.4,"S111"
"Newton",2016,1,3,1.4,"S111"
"Newton",2016,1,4,7.4,"S111"
"Newton",2016,1,5,0,"S111"
"Newton",2016,1,6,1.4,"S111"
"Newton",2016,1,7,0,"S111"
"Newton",2016,1,8,0,"S111"
"Newton",2016,1,9,6.4,"S111"
"Newton",2016,1,10,0,"S111"
"Newton",2016,1,11,15,"S111"
"Newton",2016,1,12,0,"S111"
"Newton",2016,1,13,0,"S111"
"Newton",2016,1,14,8.6,"S111"
"Newton",2016,1,15,19.8,"S111"
"Newton",2016,1,16,11.8,"S111"
"Newton",2016,1,17,22.8,"S111"
"Newton",2016,1,18,13.8,"S111"
"Newton",2016,1,19,4.6,"S111"
"Newton",2016,1,20,8.6,"S111"
"Newton",2016,1,21,0.2,"S111"
"Newton",2016,1,22,20.8,"S111"
"Newton",2016,1,23,1,"S111"
"Newton",2016,1,24,0.6,"S111"
"Newton",2016,1,25,10.8,"S111"
"Newton",2016,1,26,3.8,"S111"
"Newton",2016,1,27,0,"S111"
"Newton",2016,1,28,0.4,"S111"
"Newton",2016,1,29,2.8,"S111"
"Newton",2016,1,30,0,"S111"
"Newton",2016,1,31,5,"S111"
"Marine Parade",2016,1,1,1,"S113"
"Marine Parade",2016,1,2,14.8,"S113"
"Marine Parade",2016,1,3,7.6,"S113"
"Marine Parade",2016,1,4,0,"S113"
"Marine Parade",2016,1,5,0,"S113"
"Marine Parade",2016,1,6,0,"S113"
"Marine Parade",2016,1,7,0,"S113"
"Marine Parade",2016,1,8,0,"S113"
"Marine Parade",2016,1,9,0,"S113"
"Marine Parade",2016,1,10,0,"S113"
"Marine Parade",2016,1,11,0,"S113"
"Marine Parade",2016,1,12,0,"S113"
"Marine Parade",2016,1,13,0.2,"S113"
"Marine Parade",2016,1,14,2,"S113"
"Marine Parade",2016,1,15,6.4,"S113"
"Marine Parade",2016,1,16,15.6,"S113"
"Marine Parade",2016,1,17,5,"S113"
"Marine Parade",2016,1,18,0,"S113"
"Marine Parade",2016,1,19,0.6,"S113"
"Marine Parade",2016,1,20,0.4,"S113"
"Marine Parade",2016,1,21,0.4,"S113"
"Marine Parade",2016,1,22,1.8,"S113"
"Marine Parade",2016,1,23,11.2,"S113"
"Marine Parade",2016,1,24,0,"S113"
"Marine Parade",2016,1,25,1,"S113"
"Marine Parade",2016,1,26,10.2,"S113"
"Marine Parade",2016,1,27,0,"S113"
"Marine Parade",2016,1,28,4.4,"S113"
"Marine Parade",2016,1,29,1.8,"S113"
"Marine Parade",2016,1,30,0,"S113"
"Marine Parade",2016,1,31,0,"S113"
"Marina Barrage",2016,1,1,0.6,"S108"
"Marina Barrage",2016,1,2,10.4,"S108"
"Marina Barrage",2016,1,3,3.2,"S108"
"Marina Barrage",2016,1,4,0,"S108"
"Marina Barrage",2016,1,5,0,"S108"
"Marina Barrage",2016,1,6,0,"S108"
"Marina Barrage",2016,1,8,0,"S108"
"Marina Barrage",2016,1,9,0,"S108"
"Marina Barrage",2016,1,10,0,"S108"
"Marina Barrage",2016,1,11,6.4,"S108"
"Marina Barrage",2016,1,12,0,"S108"
"Marina Barrage",2016,1,13,0,"S108"
"Marina Barrage",2016,1,14,12.6,"S108"
"Marina Barrage",2016,1,15,13.6,"S108"
"Marina Barrage",2016,1,16,0.2,"S108"
"Marina Barrage",2016,1,17,0.2,"S108"
"Marina Barrage",2016,1,18,0.2,"S108"
"Marina Barrage",2016,1,19,6.2,"S108"
"Marina Barrage",2016,1,20,0.6,"S108"
"Marina Barrage",2016,1,21,0.6,"S108"
"Marina Barrage",2016,1,22,15.8,"S108"
"Marina Barrage",2016,1,23,4.2,"S108"
"Marina Barrage",2016,1,24,0.2,"S108"
"Marina Barrage",2016,1,25,4,"S108"
"Marina Barrage",2016,1,26,12.6,"S108"
"Marina Barrage",2016,1,27,1.6,"S108"
"Marina Barrage",2016,1,28,9.4,"S108"
"Marina Barrage",2016,1,29,18.2,"S108"
"Marina Barrage",2016,1,30,0,"S108"
"Marina Barrage",2016,1,31,14.8,"S108"
"Mandai",2016,1,1,9.4,"S40"
"Mandai",2016,1,2,13.2,"S40"
"Mandai",2016,1,3,0.2,"S40"
"Mandai",2016,1,4,1.2,"S40"
"Mandai",2016,1,5,0,"S40"
"Mandai",2016,1,6,0,"S40"
"Mandai",2016,1,7,0,"S40"
"Mandai",2016,1,8,0,"S40"
"Mandai",2016,1,9,0,"S40"
"Mandai",2016,1,10,0,"S40"
"Mandai",2016,1,11,14.8,"S40"
"Mandai",2016,1,12,0,"S40"
"Mandai",2016,1,13,0,"S40"
"Mandai",2016,1,14,2.8,"S40"
"Mandai",2016,1,15,13,"S40"
"Mandai",2016,1,16,0,"S40"
"Mandai",2016,1,20,1.6,"S40"
"Mandai",2016,1,21,0.6,"S40"
"Mandai",2016,1,22,29.6,"S40"
"Mandai",2016,1,23,8.6,"S40"
"Mandai",2016,1,24,0,"S40"
"Mandai",2016,1,25,7.4,"S40"
"Mandai",2016,1,26,0.6,"S40"
"Mandai",2016,1,27,0.2,"S40"
"Mandai",2016,1,28,18.8,"S40"
"Mandai",2016,1,29,0.2,"S40"
"Mandai",2016,1,30,0,"S40"
"Mandai",2016,1,31,12.2,"S40"
"Macritchie Reservoir",2016,1,1,2.2,"S07"
"Macritchie Reservoir",2016,1,2,16.8,"S07"
"Macritchie Reservoir",2016,1,3,1.6,"S07"
"Macritchie Reservoir",2016,1,4,7.6,"S07"
"Macritchie Reservoir",2016,1,5,0,"S07"
"Macritchie Reservoir",2016,1,6,0,"S07"
"Macritchie Reservoir",2016,1,7,0,"S07"
"Macritchie Reservoir",2016,1,8,0,"S07"
"Macritchie Reservoir",2016,1,9,1.2,"S07"
"Macritchie Reservoir",2016,1,10,0,"S07"
"Macritchie Reservoir",2016,1,11,25,"S07"
"Macritchie Reservoir",2016,1,12,0,"S07"
"Macritchie Reservoir",2016,1,13,0,"S07"
"Macritchie Reservoir",2016,1,14,0.2,"S07"
"Macritchie Reservoir",2016,1,15,13.4,"S07"
"Macritchie Reservoir",2016,1,16,17.8,"S07"
"Macritchie Reservoir",2016,1,17,5.8,"S07"
"Macritchie Reservoir",2016,1,18,18.4,"S07"
"Macritchie Reservoir",2016,1,19,2.4,"S07"
"Macritchie Reservoir",2016,1,20,7,"S07"
"Macritchie Reservoir",2016,1,21,0.4,"S07"
"Macritchie Reservoir",2016,1,22,43.4,"S07"
"Macritchie Reservoir",2016,1,23,3.4,"S07"
"Macritchie Reservoir",2016,1,24,0.2,"S07"
"Macritchie Reservoir",2016,1,25,3.2,"S07"
"Macritchie Reservoir",2016,1,26,2.4,"S07"
"Macritchie Reservoir",2016,1,27,0,"S07"
"Macritchie Reservoir",2016,1,28,0,"S07"
"Macritchie Reservoir",2016,1,29,0,"S07"
"Macritchie Reservoir",2016,1,30,0,"S07"
"Macritchie Reservoir",2016,1,31,0.8,"S07"
"Lower Peirce Reservoir",2016,1,1,7,"S08"
"Lower Peirce Reservoir",2016,1,2,31.4,"S08"
"Lower Peirce Reservoir",2016,1,3,1.6,"S08"
"Lower Peirce Reservoir",2016,1,4,0.8,"S08"
"Lower Peirce Reservoir",2016,1,5,0,"S08"
"Lower Peirce Reservoir",2016,1,6,0.2,"S08"
"Lower Peirce Reservoir",2016,1,7,0,"S08"
"Lower Peirce Reservoir",2016,1,8,0,"S08"
"Lower Peirce Reservoir",2016,1,9,0.4,"S08"
"Lower Peirce Reservoir",2016,1,10,0,"S08"
"Lower Peirce Reservoir",2016,1,11,28.4,"S08"
"Lower Peirce Reservoir",2016,1,12,0.2,"S08"
"Lower Peirce Reservoir",2016,1,13,0,"S08"
"Lower Peirce Reservoir",2016,1,14,0.4,"S08"
"Lower Peirce Reservoir",2016,1,15,39,"S08"
"Lower Peirce Reservoir",2016,1,16,0,"S08"
"Lower Peirce Reservoir",2016,1,17,10,"S08"
"Lower Peirce Reservoir",2016,1,18,38.6,"S08"
"Lower Peirce Reservoir",2016,1,19,2.6,"S08"
"Lower Peirce Reservoir",2016,1,20,1.8,"S08"
"Lower Peirce Reservoir",2016,1,21,0.4,"S08"
"Lower Peirce Reservoir",2016,1,22,11,"S08"
"Lower Peirce Reservoir",2016,1,23,3,"S08"
"Lower Peirce Reservoir",2016,1,24,0.2,"S08"
"Lower Peirce Reservoir",2016,1,25,6.2,"S08"
"Lower Peirce Reservoir",2016,1,26,2.4,"S08"
"Lower Peirce Reservoir",2016,1,27,0,"S08"
"Lower Peirce Reservoir",2016,1,28,0,"S08"
"Lower Peirce Reservoir",2016,1,29,0,"S08"
"Lower Peirce Reservoir",2016,1,30,0,"S08"
"Lower Peirce Reservoir",2016,1,31,3.2,"S08"
"Lim Chu Kang",2016,1,1,19.6,"S112"
"Lim Chu Kang",2016,1,2,17.8,"S112"
"Lim Chu Kang",2016,1,3,1.6,"S112"
"Lim Chu Kang",2016,1,4,0.8,"S112"
"Lim Chu Kang",2016,1,5,0,"S112"
"Lim Chu Kang",2016,1,6,1.6,"S112"
"Lim Chu Kang",2016,1,7,0,"S112"
"Lim Chu Kang",2016,1,8,0,"S112"
"Lim Chu Kang",2016,1,9,0,"S112"
"Lim Chu Kang",2016,1,10,0,"S112"
"Lim Chu Kang",2016,1,11,13,"S112"
"Lim Chu Kang",2016,1,12,0.2,"S112"
"Lim Chu Kang",2016,1,13,0,"S112"
"Lim Chu Kang",2016,1,14,17.4,"S112"
"Lim Chu Kang",2016,1,15,7,"S112"
"Lim Chu Kang",2016,1,16,17.8,"S112"
"Lim Chu Kang",2016,1,17,4.4,"S112"
"Lim Chu Kang",2016,1,18,24.8,"S112"
"Lim Chu Kang",2016,1,19,4.6,"S112"
"Lim Chu Kang",2016,1,20,6.8,"S112"
"Lim Chu Kang",2016,1,21,0.2,"S112"
"Lim Chu Kang",2016,1,22,9.4,"S112"
"Lim Chu Kang",2016,1,23,2.4,"S112"
"Lim Chu Kang",2016,1,24,0.2,"S112"
"Lim Chu Kang",2016,1,25,22.8,"S112"
"Lim Chu Kang",2016,1,26,4.8,"S112"
"Lim Chu Kang",2016,1,27,0.2,"S112"
"Lim Chu Kang",2016,1,28,45.4,"S112"
"Lim Chu Kang",2016,1,29,13.6,"S112"
"Lim Chu Kang",2016,1,30,0.2,"S112"
"Lim Chu Kang",2016,1,31,0.8,"S112"
"Kranji Reservoir",2016,1,1,23,"S66"
"Kranji Reservoir",2016,1,2,11.6,"S66"
"Kranji Reservoir",2016,1,3,0.2,"S66"
"Kranji Reservoir",2016,1,4,0.6,"S66"
"Kranji Reservoir",2016,1,5,0,"S66"
"Kranji Reservoir",2016,1,6,0,"S66"
"Kranji Reservoir",2016,1,7,0,"S66"
"Kranji Reservoir",2016,1,8,0,"S66"
"Kranji Reservoir",2016,1,9,0,"S66"
"Kranji Reservoir",2016,1,10,0,"S66"
"Kranji Reservoir",2016,1,11,3.4,"S66"
"Kranji Reservoir",2016,1,12,0,"S66"
"Kranji Reservoir",2016,1,13,0,"S66"
"Kranji Reservoir",2016,1,14,6.8,"S66"
"Kranji Reservoir",2016,1,15,22,"S66"
"Kranji Reservoir",2016,1,16,28.6,"S66"
"Kranji Reservoir",2016,1,17,9.6,"S66"
"Kranji Reservoir",2016,1,18,29.6,"S66"
"Kranji Reservoir",2016,1,19,0.2,"S66"
"Kranji Reservoir",2016,1,20,3,"S66"
"Kranji Reservoir",2016,1,21,0,"S66"
"Kranji Reservoir",2016,1,22,21.4,"S66"
"Kranji Reservoir",2016,1,23,11,"S66"
"Kranji Reservoir",2016,1,24,0,"S66"
"Kranji Reservoir",2016,1,25,8.6,"S66"
"Kranji Reservoir",2016,1,26,13.2,"S66"
"Kranji Reservoir",2016,1,27,0,"S66"
"Kranji Reservoir",2016,1,28,4.2,"S66"
"Kranji Reservoir",2016,1,29,0.4,"S66"
"Kranji Reservoir",2016,1,30,0,"S66"
"Kranji Reservoir",2016,1,31,1.6,"S66"
"Khatib",2016,1,1,5.2,"S122"
"Khatib",2016,1,2,26.4,"S122"
"Khatib",2016,1,3,1,"S122"
"Khatib",2016,1,4,0.6,"S122"
"Khatib",2016,1,5,0,"S122"
"Khatib",2016,1,6,0,"S122"
"Khatib",2016,1,7,0,"S122"
"Khatib",2016,1,8,0,"S122"
"Khatib",2016,1,9,0,"S122"
"Khatib",2016,1,10,0,"S122"
"Khatib",2016,1,11,12.6,"S122"
"Khatib",2016,1,12,0,"S122"
"Khatib",2016,1,13,0,"S122"
"Khatib",2016,1,14,3,"S122"
"Khatib",2016,1,15,15.6,"S122"
"Khatib",2016,1,16,0,"S122"
"Khatib",2016,1,17,22.6,"S122"
"Khatib",2016,1,18,1.8,"S122"
"Khatib",2016,1,19,0,"S122"
"Khatib",2016,1,20,0.6,"S122"
"Khatib",2016,1,21,0.4,"S122"
"Khatib",2016,1,22,4,"S122"
"Khatib",2016,1,23,1.4,"S122"
"Khatib",2016,1,24,0,"S122"
"Khatib",2016,1,25,6.6,"S122"
"Khatib",2016,1,26,1.2,"S122"
"Khatib",2016,1,27,0,"S122"
"Khatib",2016,1,28,13,"S122"
"Khatib",2016,1,29,2.8,"S122"
"Khatib",2016,1,30,0,"S122"
"Khatib",2016,1,31,0.4,"S122"
"Kent Ridge",2016,1,1,1.8,"S71"
"Kent Ridge",2016,1,2,17.2,"S71"
"Kent Ridge",2016,1,3,0.6,"S71"
"Kent Ridge",2016,1,4,10.4,"S71"
"Kent Ridge",2016,1,5,0,"S71"
"Kent Ridge",2016,1,6,0,"S71"
"Kent Ridge",2016,1,7,0,"S71"
"Kent Ridge",2016,1,8,0,"S71"
"Kent Ridge",2016,1,9,0.6,"S71"
"Kent Ridge",2016,1,10,0,"S71"
"Kent Ridge",2016,1,11,32.8,"S71"
"Kent Ridge",2016,1,12,0.6,"S71"
"Kent Ridge",2016,1,13,0,"S71"
"Kent Ridge",2016,1,14,30.2,"S71"
"Kent Ridge",2016,1,15,6.8,"S71"
"Kent Ridge",2016,1,16,5,"S71"
"Kent Ridge",2016,1,17,3.6,"S71"
"Kent Ridge",2016,1,18,9.8,"S71"
"Kent Ridge",2016,1,19,1.8,"S71"
"Kent Ridge",2016,1,20,2.8,"S71"
"Kent Ridge",2016,1,21,0.2,"S71"
"Kent Ridge",2016,1,22,78.8,"S71"
"Kent Ridge",2016,1,23,0.8,"S71"
"Kent Ridge",2016,1,24,0,"S71"
"Kent Ridge",2016,1,25,3.2,"S71"
"Kent Ridge",2016,1,26,2.6,"S71"
"Kent Ridge",2016,1,27,0,"S71"
"Kent Ridge",2016,1,28,23.4,"S71"
"Kent Ridge",2016,1,29,18.6,"S71"
"Kent Ridge",2016,1,30,0,"S71"
"Kent Ridge",2016,1,31,16.8,"S71"
"Kampong Bahru",2016,1,1,3.6,"S31"
"Kampong Bahru",2016,1,2,22,"S31"
"Kampong Bahru",2016,1,3,1.4,"S31"
"Kampong Bahru",2016,1,4,9.8,"S31"
"Kampong Bahru",2016,1,5,0,"S31"
"Kampong Bahru",2016,1,6,1.4,"S31"
"Kampong Bahru",2016,1,7,0,"S31"
"Kampong Bahru",2016,1,8,0,"S31"
"Kampong Bahru",2016,1,9,6.4,"S31"
"Kampong Bahru",2016,1,10,0,"S31"
"Kampong Bahru",2016,1,11,23.4,"S31"
"Kampong Bahru",2016,1,12,0,"S31"
"Kampong Bahru",2016,1,13,0,"S31"
"Kampong Bahru",2016,1,14,12.2,"S31"
"Kampong Bahru",2016,1,15,14.2,"S31"
"Kampong Bahru",2016,1,16,0,"S31"
"Kampong Bahru",2016,1,17,0,"S31"
"Kampong Bahru",2016,1,18,39.8,"S31"
"Kampong Bahru",2016,1,19,1.6,"S31"
"Kampong Bahru",2016,1,20,8,"S31"
"Kampong Bahru",2016,1,21,0.4,"S31"
"Kampong Bahru",2016,1,22,18,"S31"
"Kampong Bahru",2016,1,23,0.6,"S31"
"Kampong Bahru",2016,1,24,2,"S31"
"Kampong Bahru",2016,1,25,3.2,"S31"
"Kampong Bahru",2016,1,26,9,"S31"
"Kampong Bahru",2016,1,27,0.6,"S31"
"Kampong Bahru",2016,1,28,0.6,"S31"
"Kampong Bahru",2016,1,29,12.4,"S31"
"Kampong Bahru",2016,1,30,0,"S31"
"Kampong Bahru",2016,1,31,12,"S31"
"Jurong Pier",2016,1,1,25,"S33"
"Jurong Pier",2016,1,2,22.2,"S33"
"Jurong Pier",2016,1,3,0.2,"S33"
"Jurong Pier",2016,1,4,12.2,"S33"
"Jurong Pier",2016,1,5,0.2,"S33"
"Jurong Pier",2016,1,6,1.4,"S33"
"Jurong Pier",2016,1,7,0,"S33"
"Jurong Pier",2016,1,8,0,"S33"
"Jurong Pier",2016,1,9,0,"S33"
"Jurong Pier",2016,1,10,0,"S33"
"Jurong Pier",2016,1,11,10.2,"S33"
"Jurong Pier",2016,1,12,0,"S33"
"Jurong Pier",2016,1,13,0.2,"S33"
"Jurong Pier",2016,1,14,13.8,"S33"
"Jurong Pier",2016,1,15,0.8,"S33"
"Jurong Pier",2016,1,16,0,"S33"
"Jurong Pier",2016,1,17,5,"S33"
"Jurong Pier",2016,1,18,19.6,"S33"
"Jurong Pier",2016,1,19,1.2,"S33"
"Jurong Pier",2016,1,20,20.4,"S33"
"Jurong Pier",2016,1,21,0,"S33"
"Jurong Pier",2016,1,22,11.2,"S33"
"Jurong Pier",2016,1,23,39.8,"S33"
"Jurong Pier",2016,1,24,1,"S33"
"Jurong Pier",2016,1,25,13.4,"S33"
"Jurong Pier",2016,1,26,1,"S33"
"Jurong Pier",2016,1,27,0,"S33"
"Jurong Pier",2016,1,28,66.2,"S33"
"Jurong Pier",2016,1,29,24.2,"S33"
"Jurong Pier",2016,1,30,0,"S33"
"Jurong Pier",2016,1,31,33.2,"S33"
"Jurong Island",2016,1,1,22,"S117"
"Jurong Island",2016,1,2,17,"S117"
"Jurong Island",2016,1,3,0,"S117"
"Jurong Island",2016,1,4,22.6,"S117"
"Jurong Island",2016,1,5,2.2,"S117"
"Jurong Island",2016,1,6,5,"S117"
"Jurong Island",2016,1,7,0,"S117"
"Jurong Island",2016,1,8,0,"S117"
"Jurong Island",2016,1,9,0,"S117"
"Jurong Island",2016,1,10,1.4,"S117"
"Jurong Island",2016,1,11,9.4,"S117"
"Jurong Island",2016,1,12,0,"S117"
"Jurong Island",2016,1,13,8,"S117"
"Jurong Island",2016,1,14,4.2,"S117"
"Jurong Island",2016,1,15,13.8,"S117"
"Jurong Island",2016,1,16,0,"S117"
"Jurong Island",2016,1,17,3.2,"S117"
"Jurong Island",2016,1,18,45.2,"S117"
"Jurong Island",2016,1,19,7.4,"S117"
"Jurong Island",2016,1,20,9.8,"S117"
"Jurong Island",2016,1,21,0.2,"S117"
"Jurong Island",2016,1,22,9.2,"S117"
"Jurong Island",2016,1,23,27.2,"S117"
"Jurong Island",2016,1,24,3.8,"S117"
"Jurong Island",2016,1,25,12,"S117"
"Jurong Island",2016,1,26,0.2,"S117"
"Jurong Island",2016,1,27,1.4,"S117"
"Jurong Island",2016,1,28,44.8,"S117"
"Jurong Island",2016,1,29,33.8,"S117"
"Jurong Island",2016,1,30,1,"S117"
"Jurong Island",2016,1,31,56.6,"S117"
"Jurong (West)",2016,1,1,11.2,"S44"
"Jurong (West)",2016,1,2,5,"S44"
"Jurong (West)",2016,1,3,0.2,"S44"
"Jurong (West)",2016,1,4,0,"S44"
"Jurong (West)",2016,1,5,0,"S44"
"Jurong (West)",2016,1,6,7.2,"S44"
"Jurong (West)",2016,1,7,0.2,"S44"
"Jurong (West)",2016,1,8,0,"S44"
"Jurong (West)",2016,1,9,0,"S44"
"Jurong (West)",2016,1,10,0,"S44"
"Jurong (West)",2016,1,11,40.4,"S44"
"Jurong (West)",2016,1,12,0,"S44"
"Jurong (West)",2016,1,13,0.4,"S44"
"Jurong (West)",2016,1,14,12.4,"S44"
"Jurong (West)",2016,1,15,2,"S44"
"Jurong (West)",2016,1,16,0,"S44"
"Jurong (West)",2016,1,17,11.2,"S44"
"Jurong (West)",2016,1,18,13.8,"S44"
"Jurong (West)",2016,1,19,5,"S44"
"Jurong (West)",2016,1,20,5,"S44"
"Jurong (West)",2016,1,21,0,"S44"
"Jurong (West)",2016,1,22,1.8,"S44"
"Jurong (West)",2016,1,23,19.6,"S44"
"Jurong (West)",2016,1,24,0.2,"S44"
"Jurong (West)",2016,1,25,13,"S44"
"Jurong (West)",2016,1,26,2.4,"S44"
"Jurong (West)",2016,1,27,0,"S44"
"Jurong (West)",2016,1,28,34,"S44"
"Jurong (West)",2016,1,29,32.4,"S44"
"Jurong (West)",2016,1,30,0,"S44"
"Jurong (West)",2016,1,31,7.4,"S44"
"Jurong (North)",2016,1,1,11.2,"S101"
"Jurong (North)",2016,1,2,13.8,"S101"
"Jurong (North)",2016,1,5,0,"S101"
"Jurong (North)",2016,1,6,6.8,"S101"
"Jurong (North)",2016,1,7,0,"S101"
"Jurong (North)",2016,1,10,0,"S101"
"Jurong (North)",2016,1,11,39.8,"S101"
"Jurong (North)",2016,1,12,0,"S101"
"Jurong (North)",2016,1,13,0,"S101"
"Jurong (North)",2016,1,14,10.2,"S101"
"Jurong (North)",2016,1,15,1.4,"S101"
"Jurong (North)",2016,1,16,0.8,"S101"
"Jurong (North)",2016,1,17,27.6,"S101"
"Jurong (North)",2016,1,18,12.2,"S101"
"Jurong (North)",2016,1,19,0.8,"S101"
"Jurong (North)",2016,1,20,12.4,"S101"
"Jurong (North)",2016,1,21,0,"S101"
"Jurong (North)",2016,1,22,5.2,"S101"
"Jurong (North)",2016,1,23,28,"S101"
"Jurong (North)",2016,1,24,0,"S101"
"Jurong (North)",2016,1,25,11.4,"S101"
"Jurong (North)",2016,1,26,0.6,"S101"
"Jurong (North)",2016,1,27,0,"S101"
"Jurong (North)",2016,1,28,36.8,"S101"
"Jurong (North)",2016,1,29,35.2,"S101"
"Jurong (North)",2016,1,30,0,"S101"
"Jurong (North)",2016,1,31,20,"S101"
"East Coast Parkway",2016,1,1,0.2,"S107"
"East Coast Parkway",2016,1,2,24.2,"S107"
"East Coast Parkway",2016,1,3,11.8,"S107"
"East Coast Parkway",2016,1,4,0,"S107"
"East Coast Parkway",2016,1,5,0,"S107"
"East Coast Parkway",2016,1,6,0,"S107"
"East Coast Parkway",2016,1,7,0,"S107"
"East Coast Parkway",2016,1,8,0,"S107"
"East Coast Parkway",2016,1,9,0.6,"S107"
"East Coast Parkway",2016,1,10,0,"S107"
"East Coast Parkway",2016,1,11,0,"S107"
"East Coast Parkway",2016,1,12,0,"S107"
"East Coast Parkway",2016,1,13,0,"S107"
"East Coast Parkway",2016,1,14,0,"S107"
"East Coast Parkway",2016,1,15,0,"S107"
"East Coast Parkway",2016,1,16,6.6,"S107"
"East Coast Parkway",2016,1,17,37.8,"S107"
"East Coast Parkway",2016,1,18,0,"S107"
"East Coast Parkway",2016,1,19,0,"S107"
"East Coast Parkway",2016,1,20,0.2,"S107"
"East Coast Parkway",2016,1,21,1.2,"S107"
"East Coast Parkway",2016,1,22,0.2,"S107"
"East Coast Parkway",2016,1,23,2.2,"S107"
"East Coast Parkway",2016,1,24,0,"S107"
"East Coast Parkway",2016,1,25,3.6,"S107"
"East Coast Parkway",2016,1,26,10.4,"S107"
"East Coast Parkway",2016,1,27,0.2,"S107"
"East Coast Parkway",2016,1,28,0,"S107"
"East Coast Parkway",2016,1,29,0,"S107"
"East Coast Parkway",2016,1,30,0,"S107"
"East Coast Parkway",2016,1,31,0,"S107"
"Dhoby Ghaut",2016,1,1,2.4,"S118"
"Dhoby Ghaut",2016,1,2,23.4,"S118"
"Dhoby Ghaut",2016,1,3,2.6,"S118"
"Dhoby Ghaut",2016,1,4,4.8,"S118"
"Dhoby Ghaut",2016,1,5,0,"S118"
"Dhoby Ghaut",2016,1,6,0,"S118"
"Dhoby Ghaut",2016,1,7,0,"S118"
"Dhoby Ghaut",2016,1,8,0,"S118"
"Dhoby Ghaut",2016,1,9,12.6,"S118"
"Dhoby Ghaut",2016,1,10,0,"S118"
"Dhoby Ghaut",2016,1,11,12.8,"S118"
"Dhoby Ghaut",2016,1,12,0,"S118"
"Dhoby Ghaut",2016,1,13,0,"S118"
"Dhoby Ghaut",2016,1,14,13,"S118"
"Dhoby Ghaut",2016,1,15,36.8,"S118"
"Dhoby Ghaut",2016,1,16,7.4,"S118"
"Dhoby Ghaut",2016,1,17,11.4,"S118"
"Dhoby Ghaut",2016,1,18,18.2,"S118"
"Dhoby Ghaut",2016,1,19,2.2,"S118"
"Dhoby Ghaut",2016,1,20,17,"S118"
"Dhoby Ghaut",2016,1,21,0.4,"S118"
"Dhoby Ghaut",2016,1,22,37.2,"S118"
"Dhoby Ghaut",2016,1,23,7.4,"S118"
"Dhoby Ghaut",2016,1,24,1.4,"S118"
"Dhoby Ghaut",2016,1,25,3.4,"S118"
"Dhoby Ghaut",2016,1,26,10,"S118"
"Dhoby Ghaut",2016,1,27,0,"S118"
"Dhoby Ghaut",2016,1,28,0.2,"S118"
"Dhoby Ghaut",2016,1,29,3.4,"S118"
"Dhoby Ghaut",2016,1,30,0,"S118"
"Dhoby Ghaut",2016,1,31,2,"S118"
"Clementi",2016,1,1,7.2,"S50"
"Clementi",2016,1,2,32.4,"S50"
"Clementi",2016,1,3,0.2,"S50"
"Clementi",2016,1,4,4.2,"S50"
"Clementi",2016,1,5,1.4,"S50"
"Clementi",2016,1,6,6.2,"S50"
"Clementi",2016,1,7,0,"S50"
"Clementi",2016,1,8,0,"S50"
"Clementi",2016,1,9,0,"S50"
"Clementi",2016,1,10,0,"S50"
"Clementi",2016,1,11,6.4,"S50"
"Clementi",2016,1,12,0,"S50"
"Clementi",2016,1,13,0,"S50"
"Clementi",2016,1,14,12,"S50"
"Clementi",2016,1,15,8.8,"S50"
"Clementi",2016,1,16,0.8,"S50"
"Clementi",2016,1,17,16,"S50"
"Clementi",2016,1,18,23.2,"S50"
"Clementi",2016,1,19,7,"S50"
"Clementi",2016,1,20,2.2,"S50"
"Clementi",2016,1,21,0.2,"S50"
"Clementi",2016,1,22,50.4,"S50"
"Clementi",2016,1,23,1.4,"S50"
"Clementi",2016,1,24,0.6,"S50"
"Clementi",2016,1,25,4.2,"S50"
"Clementi",2016,1,26,2.2,"S50"
"Clementi",2016,1,27,0,"S50"
"Clementi",2016,1,28,34.4,"S50"
"Clementi",2016,1,29,7.6,"S50"
"Clementi",2016,1,30,0,"S50"
"Clementi",2016,1,31,5.8,"S50"
"Choa Chu Kang (West)",2016,1,1,12.8,"S11"
"Choa Chu Kang (West)",2016,1,2,6.2,"S11"
"Choa Chu Kang (West)",2016,1,3,0.6,"S11"
"Choa Chu Kang (West)",2016,1,4,0.6,"S11"
"Choa Chu Kang (West)",2016,1,6,3.2,"S11"
"Choa Chu Kang (West)",2016,1,7,0,"S11"
"Choa Chu Kang (West)",2016,1,8,0,"S11"
"Choa Chu Kang (West)",2016,1,9,0,"S11"
"Choa Chu Kang (West)",2016,1,10,0.2,"S11"
"Choa Chu Kang (West)",2016,1,11,16.8,"S11"
"Choa Chu Kang (West)",2016,1,12,0.2,"S11"
"Choa Chu Kang (West)",2016,1,13,0.6,"S11"
"Choa Chu Kang (West)",2016,1,14,14.6,"S11"
"Choa Chu Kang (West)",2016,1,15,11,"S11"
"Choa Chu Kang (West)",2016,1,16,8.8,"S11"
"Choa Chu Kang (West)",2016,1,17,8.2,"S11"
"Choa Chu Kang (West)",2016,1,18,11.2,"S11"
"Choa Chu Kang (West)",2016,1,19,0.4,"S11"
"Choa Chu Kang (West)",2016,1,20,3.6,"S11"
"Choa Chu Kang (West)",2016,1,21,0,"S11"
"Choa Chu Kang (West)",2016,1,22,1,"S11"
"Choa Chu Kang (West)",2016,1,23,13.8,"S11"
"Choa Chu Kang (West)",2016,1,24,0.4,"S11"
"Choa Chu Kang (West)",2016,1,25,15,"S11"
"Choa Chu Kang (West)",2016,1,26,2,"S11"
"Choa Chu Kang (West)",2016,1,27,0,"S11"
"Choa Chu Kang (West)",2016,1,28,25.8,"S11"
"Choa Chu Kang (West)",2016,1,29,28.4,"S11"
"Choa Chu Kang (West)",2016,1,30,0.2,"S11"
"Choa Chu Kang (West)",2016,1,31,1.4,"S11"
"Choa Chu Kang (South)",2016,1,1,10.4,"S121"
"Choa Chu Kang (South)",2016,1,2,8.4,"S121"
"Choa Chu Kang (South)",2016,1,3,0.4,"S121"
"Choa Chu Kang (South)",2016,1,4,5.8,"S121"
"Choa Chu Kang (South)",2016,1,5,0,"S121"
"Choa Chu Kang (South)",2016,1,6,7.2,"S121"
"Choa Chu Kang (South)",2016,1,7,0,"S121"
"Choa Chu Kang (South)",2016,1,8,0,"S121"
"Choa Chu Kang (South)",2016,1,9,0,"S121"
"Choa Chu Kang (South)",2016,1,10,0,"S121"
"Choa Chu Kang (South)",2016,1,11,14.8,"S121"
"Choa Chu Kang (South)",2016,1,12,0,"S121"
"Choa Chu Kang (South)",2016,1,13,0,"S121"
"Choa Chu Kang (South)",2016,1,14,3.4,"S121"
"Choa Chu Kang (South)",2016,1,15,19.6,"S121"
"Choa Chu Kang (South)",2016,1,16,5.8,"S121"
"Choa Chu Kang (South)",2016,1,17,14.4,"S121"
"Choa Chu Kang (South)",2016,1,18,1,"S121"
"Choa Chu Kang (South)",2016,1,19,1.6,"S121"
"Choa Chu Kang (South)",2016,1,20,15.6,"S121"
"Choa Chu Kang (South)",2016,1,21,0,"S121"
"Choa Chu Kang (South)",2016,1,22,2.8,"S121"
"Choa Chu Kang (South)",2016,1,23,20.8,"S121"
"Choa Chu Kang (South)",2016,1,24,0,"S121"
"Choa Chu Kang (South)",2016,1,25,11.8,"S121"
"Choa Chu Kang (South)",2016,1,26,1.2,"S121"
"Choa Chu Kang (South)",2016,1,27,0,"S121"
"Choa Chu Kang (South)",2016,1,28,21.4,"S121"
"Choa Chu Kang (South)",2016,1,29,19.6,"S121"
"Choa Chu Kang (South)",2016,1,30,0.2,"S121"
"Choa Chu Kang (South)",2016,1,31,13.2,"S121"
"Choa Chu Kang (Central)",2016,1,1,9.8,"S114"
"Choa Chu Kang (Central)",2016,1,2,10.2,"S114"
"Choa Chu Kang (Central)",2016,1,3,0.4,"S114"
"Choa Chu Kang (Central)",2016,1,4,13.4,"S114"
"Choa Chu Kang (Central)",2016,1,5,0,"S114"
"Choa Chu Kang (Central)",2016,1,6,3.6,"S114"
"Choa Chu Kang (Central)",2016,1,7,0,"S114"
"Choa Chu Kang (Central)",2016,1,8,0,"S114"
"Choa Chu Kang (Central)",2016,1,9,0,"S114"
"Choa Chu Kang (Central)",2016,1,10,0,"S114"
"Choa Chu Kang (Central)",2016,1,11,5.6,"S114"
"Choa Chu Kang (Central)",2016,1,12,0,"S114"
"Choa Chu Kang (Central)",2016,1,13,0,"S114"
"Choa Chu Kang (Central)",2016,1,14,3.6,"S114"
"Choa Chu Kang (Central)",2016,1,15,7.8,"S114"
"Choa Chu Kang (Central)",2016,1,16,0.8,"S114"
"Choa Chu Kang (Central)",2016,1,17,26.2,"S114"
"Choa Chu Kang (Central)",2016,1,18,0.2,"S114"
"Choa Chu Kang (Central)",2016,1,19,2,"S114"
"Choa Chu Kang (Central)",2016,1,20,7.8,"S114"
"Choa Chu Kang (Central)",2016,1,21,0.2,"S114"
"Choa Chu Kang (Central)",2016,1,22,17,"S114"
"Choa Chu Kang (Central)",2016,1,23,8.2,"S114"
"Choa Chu Kang (Central)",2016,1,24,0,"S114"
"Choa Chu Kang (Central)",2016,1,25,18.2,"S114"
"Choa Chu Kang (Central)",2016,1,26,0.8,"S114"
"Choa Chu Kang (Central)",2016,1,27,0,"S114"
"Choa Chu Kang (Central)",2016,1,28,25.2,"S114"
"Choa Chu Kang (Central)",2016,1,29,7.4,"S114"
"Choa Chu Kang (Central)",2016,1,30,0,"S114"
"Choa Chu Kang (Central)",2016,1,31,7.2,"S114"
"Changi",2016,1,1,2,"S24"
"Changi",2016,1,2,39.6,"S24"
"Changi",2016,1,3,16.6,"S24"
"Changi",2016,1,4,0,"S24"
"Changi",2016,1,5,0,"S24"
"Changi",2016,1,6,0,"S24"
"Changi",2016,1,7,0,"S24"
"Changi",2016,1,8,0,"S24"
"Changi",2016,1,9,1.8,"S24"
"Changi",2016,1,10,0,"S24"
"Changi",2016,1,11,0,"S24"
"Changi",2016,1,12,0,"S24"
"Changi",2016,1,13,0,"S24"
"Changi",2016,1,14,0.2,"S24"
"Changi",2016,1,15,5.6,"S24"
"Changi",2016,1,16,12.2,"S24"
"Changi",2016,1,17,33.4,"S24"
"Changi",2016,1,18,2.6,"S24"
"Changi",2016,1,19,2,"S24"
"Changi",2016,1,20,0.8,"S24"
"Changi",2016,1,21,0.6,"S24"
"Changi",2016,1,22,0,"S24"
"Changi",2016,1,23,0,"S24"
"Changi",2016,1,24,0,"S24"
"Changi",2016,1,25,2.6,"S24"
"Changi",2016,1,26,6,"S24"
"Changi",2016,1,27,1,"S24"
"Changi",2016,1,28,0,"S24"
"Changi",2016,1,29,0,"S24"
"Changi",2016,1,30,0,"S24"
"Changi",2016,1,31,0,"S24"
"Chai Chee",2016,1,1,0.8,"S61"
"Chai Chee",2016,1,2,22.8,"S61"
"Chai Chee",2016,1,3,13.4,"S61"
"Chai Chee",2016,1,4,0,"S61"
"Chai Chee",2016,1,5,0,"S61"
"Chai Chee",2016,1,6,0,"S61"
"Chai Chee",2016,1,7,0,"S61"
"Chai Chee",2016,1,8,0,"S61"
"Chai Chee",2016,1,9,0.2,"S61"
"Chai Chee",2016,1,10,0,"S61"
"Chai Chee",2016,1,11,0,"S61"
"Chai Chee",2016,1,12,0,"S61"
"Chai Chee",2016,1,13,0,"S61"
"Chai Chee",2016,1,14,0,"S61"
"Chai Chee",2016,1,15,36,"S61"
"Chai Chee",2016,1,16,43.6,"S61"
"Chai Chee",2016,1,17,6.8,"S61"
"Chai Chee",2016,1,18,0,"S61"
"Chai Chee",2016,1,19,1,"S61"
"Chai Chee",2016,1,20,0.8,"S61"
"Chai Chee",2016,1,21,1,"S61"
"Chai Chee",2016,1,22,1.2,"S61"
"Chai Chee",2016,1,23,10.8,"S61"
"Chai Chee",2016,1,24,0,"S61"
"Chai Chee",2016,1,25,0.4,"S61"
"Chai Chee",2016,1,26,8.2,"S61"
"Chai Chee",2016,1,27,0.2,"S61"
"Chai Chee",2016,1,28,0.2,"S61"
"Chai Chee",2016,1,29,1.6,"S61"
"Chai Chee",2016,1,30,0,"S61"
"Chai Chee",2016,1,31,0,"S61"
"Buona Vista",2016,1,1,1,"S92"
"Buona Vista",2016,1,2,15.2,"S92"
"Buona Vista",2016,1,3,0.6,"S92"
"Buona Vista",2016,1,4,9.2,"S92"
"Buona Vista",2016,1,5,0,"S92"
"Buona Vista",2016,1,6,0,"S92"
"Buona Vista",2016,1,7,0,"S92"
"Buona Vista",2016,1,8,0,"S92"
"Buona Vista",2016,1,9,2.4,"S92"
"Buona Vista",2016,1,10,0,"S92"
"Buona Vista",2016,1,11,29.6,"S92"
"Buona Vista",2016,1,12,0.4,"S92"
"Buona Vista",2016,1,13,0,"S92"
"Buona Vista",2016,1,14,31.4,"S92"
"Buona Vista",2016,1,15,10,"S92"
"Buona Vista",2016,1,16,1.2,"S92"
"Buona Vista",2016,1,17,3.6,"S92"
"Buona Vista",2016,1,18,13.4,"S92"
"Buona Vista",2016,1,19,0.6,"S92"
"Buona Vista",2016,1,20,5.2,"S92"
"Buona Vista",2016,1,21,0.6,"S92"
"Buona Vista",2016,1,22,72.4,"S92"
"Buona Vista",2016,1,23,0.6,"S92"
"Buona Vista",2016,1,24,0,"S92"
"Buona Vista",2016,1,25,7.4,"S92"
"Buona Vista",2016,1,26,3.6,"S92"
"Buona Vista",2016,1,27,0,"S92"
"Buona Vista",2016,1,28,29.6,"S92"
"Buona Vista",2016,1,29,15.8,"S92"
"Buona Vista",2016,1,30,0.2,"S92"
"Buona Vista",2016,1,31,8,"S92"
"Bukit Timah",2016,1,1,0.6,"S90"
"Bukit Timah",2016,1,2,24.8,"S90"
"Bukit Timah",2016,1,3,1,"S90"
"Bukit Timah",2016,1,4,16,"S90"
"Bukit Timah",2016,1,5,0,"S90"
"Bukit Timah",2016,1,6,0,"S90"
"Bukit Timah",2016,1,7,0,"S90"
"Bukit Timah",2016,1,8,0,"S90"
"Bukit Timah",2016,1,9,6.6,"S90"
"Bukit Timah",2016,1,10,0,"S90"
"Bukit Timah",2016,1,11,18.6,"S90"
"Bukit Timah",2016,1,12,0,"S90"
"Bukit Timah",2016,1,13,0,"S90"
"Bukit Timah",2016,1,14,14,"S90"
"Bukit Timah",2016,1,15,7.6,"S90"
"Bukit Timah",2016,1,16,7.8,"S90"
"Bukit Timah",2016,1,17,17.6,"S90"
"Bukit Timah",2016,1,18,33.2,"S90"
"Bukit Timah",2016,1,19,1.2,"S90"
"Bukit Timah",2016,1,20,6.6,"S90"
"Bukit Timah",2016,1,21,0,"S90"
"Bukit Timah",2016,1,22,45.2,"S90"
"Bukit Timah",2016,1,23,1.4,"S90"
"Bukit Timah",2016,1,24,0,"S90"
"Bukit Timah",2016,1,25,9,"S90"
"Bukit Timah",2016,1,26,3.2,"S90"
"Bukit Timah",2016,1,27,0,"S90"
"Bukit Timah",2016,1,28,8.6,"S90"
"Bukit Timah",2016,1,29,1.6,"S90"
"Bukit Timah",2016,1,30,0,"S90"
"Bukit Timah",2016,1,31,6.2,"S90"
"Bukit Panjang",2016,1,1,6.8,"S64"
"Bukit Panjang",2016,1,2,14.2,"S64"
"Bukit Panjang",2016,1,3,0.6,"S64"
"Bukit Panjang",2016,1,4,6,"S64"
"Bukit Panjang",2016,1,5,0,"S64"
"Bukit Panjang",2016,1,6,0,"S64"
"Bukit Panjang",2016,1,7,0,"S64"
"Bukit Panjang",2016,1,8,0,"S64"
"Bukit Panjang",2016,1,9,0,"S64"
"Bukit Panjang",2016,1,10,0,"S64"
"Bukit Panjang",2016,1,11,10.8,"S64"
"Bukit Panjang",2016,1,12,0,"S64"
"Bukit Panjang",2016,1,13,0.4,"S64"
"Bukit Panjang",2016,1,14,1.6,"S64"
"Bukit Panjang",2016,1,15,7.8,"S64"
"Bukit Panjang",2016,1,16,1.4,"S64"
"Bukit Panjang",2016,1,17,3.2,"S64"
"Bukit Panjang",2016,1,18,1.4,"S64"
"Bukit Panjang",2016,1,19,0.4,"S64"
"Bukit Panjang",2016,1,20,4.8,"S64"
"Bukit Panjang",2016,1,21,0.2,"S64"
"Bukit Panjang",2016,1,22,55.4,"S64"
"Bukit Panjang",2016,1,23,5.6,"S64"
"Bukit Panjang",2016,1,24,0,"S64"
"Bukit Panjang",2016,1,25,12.2,"S64"
"Bukit Panjang",2016,1,26,1,"S64"
"Bukit Panjang",2016,1,27,1.2,"S64"
"Bukit Panjang",2016,1,28,45.4,"S64"
"Bukit Panjang",2016,1,29,0.4,"S64"
"Bukit Panjang",2016,1,30,0,"S64"
"Bukit Panjang",2016,1,31,5.4,"S64"
"Buangkok",2016,1,1,2.6,"S55"
"Buangkok",2016,1,2,14,"S55"
"Buangkok",2016,1,3,4.8,"S55"
"Buangkok",2016,1,4,2.2,"S55"
"Buangkok",2016,1,5,0,"S55"
"Buangkok",2016,1,6,1.6,"S55"
"Buangkok",2016,1,7,0,"S55"
"Buangkok",2016,1,8,0,"S55"
"Buangkok",2016,1,9,0.8,"S55"
"Buangkok",2016,1,10,0,"S55"
"Buangkok",2016,1,11,0,"S55"
"Buangkok",2016,1,12,0,"S55"
"Buangkok",2016,1,13,0,"S55"
"Buangkok",2016,1,14,0.6,"S55"
"Buangkok",2016,1,15,14.6,"S55"
"Buangkok",2016,1,16,2.2,"S55"
"Buangkok",2016,1,17,18.4,"S55"
"Buangkok",2016,1,18,1.6,"S55"
"Buangkok",2016,1,19,0.4,"S55"
"Buangkok",2016,1,20,3.2,"S55"
"Buangkok",2016,1,21,0.4,"S55"
"Buangkok",2016,1,22,1.4,"S55"
"Buangkok",2016,1,23,7.8,"S55"
"Buangkok",2016,1,24,1.6,"S55"
"Buangkok",2016,1,25,5.6,"S55"
"Buangkok",2016,1,26,2,"S55"
"Buangkok",2016,1,27,0,"S55"
"Buangkok",2016,1,28,0,"S55"
"Buangkok",2016,1,29,2.2,"S55"
"Buangkok",2016,1,30,0,"S55"
"Buangkok",2016,1,31,0,"S55"
"Botanic Garden",2016,1,1,1.4,"S120"
"Botanic Garden",2016,1,2,23.4,"S120"
"Botanic Garden",2016,1,3,1,"S120"
"Botanic Garden",2016,1,4,12.4,"S120"
"Botanic Garden",2016,1,5,0,"S120"
"Botanic Garden",2016,1,6,0.2,"S120"
"Botanic Garden",2016,1,7,0,"S120"
"Botanic Garden",2016,1,8,0,"S120"
"Botanic Garden",2016,1,9,7.6,"S120"
"Botanic Garden",2016,1,10,0,"S120"
"Botanic Garden",2016,1,11,23.8,"S120"
"Botanic Garden",2016,1,12,0.2,"S120"
"Botanic Garden",2016,1,13,0,"S120"
"Botanic Garden",2016,1,14,13.4,"S120"
"Botanic Garden",2016,1,15,14.6,"S120"
"Botanic Garden",2016,1,16,8,"S120"
"Botanic Garden",2016,1,17,28.8,"S120"
"Botanic Garden",2016,1,18,25.8,"S120"
"Botanic Garden",2016,1,19,1.8,"S120"
"Botanic Garden",2016,1,20,8.6,"S120"
"Botanic Garden",2016,1,21,0.2,"S120"
"Botanic Garden",2016,1,22,54.4,"S120"
"Botanic Garden",2016,1,23,1.2,"S120"
"Botanic Garden",2016,1,24,0,"S120"
"Botanic Garden",2016,1,25,9.4,"S120"
"Botanic Garden",2016,1,26,4,"S120"
"Botanic Garden",2016,1,27,1.2,"S120"
"Botanic Garden",2016,1,28,5.6,"S120"
"Botanic Garden",2016,1,29,4,"S120"
"Botanic Garden",2016,1,30,0,"S120"
"Botanic Garden",2016,1,31,8.6,"S120"
"Boon Lay (West)",2016,1,5,0.2,"S63"
"Boon Lay (West)",2016,1,6,7.6,"S63"
"Boon Lay (West)",2016,1,7,0,"S63"
"Boon Lay (West)",2016,1,8,0,"S63"
"Boon Lay (West)",2016,1,9,0,"S63"
"Boon Lay (West)",2016,1,10,0,"S63"
"Boon Lay (West)",2016,1,11,50.4,"S63"
"Boon Lay (West)",2016,1,12,0.2,"S63"
"Boon Lay (West)",2016,1,13,0.8,"S63"
"Boon Lay (West)",2016,1,14,7.4,"S63"
"Boon Lay (West)",2016,1,15,1.2,"S63"
"Boon Lay (West)",2016,1,16,0.4,"S63"
"Boon Lay (West)",2016,1,17,18.4,"S63"
"Boon Lay (West)",2016,1,18,16,"S63"
"Boon Lay (West)",2016,1,19,0.6,"S63"
"Boon Lay (West)",2016,1,20,13.2,"S63"
"Boon Lay (West)",2016,1,21,0,"S63"
"Boon Lay (West)",2016,1,22,6.8,"S63"
"Boon Lay (West)",2016,1,23,39.4,"S63"
"Boon Lay (West)",2016,1,24,0.2,"S63"
"Boon Lay (West)",2016,1,25,7,"S63"
"Boon Lay (West)",2016,1,26,1.8,"S63"
"Boon Lay (West)",2016,1,27,0,"S63"
"Boon Lay (West)",2016,1,28,55.2,"S63"
"Boon Lay (West)",2016,1,29,25.6,"S63"
"Boon Lay (West)",2016,1,30,0.2,"S63"
"Boon Lay (West)",2016,1,31,33.4,"S63"
"Boon Lay (East)",2016,1,1,14.2,"S86"
"Boon Lay (East)",2016,1,2,19.4,"S86"
"Boon Lay (East)",2016,1,3,0.4,"S86"
"Boon Lay (East)",2016,1,4,3.2,"S86"
"Boon Lay (East)",2016,1,5,1.4,"S86"
"Boon Lay (East)",2016,1,6,0.4,"S86"
"Boon Lay (East)",2016,1,7,0,"S86"
"Boon Lay (East)",2016,1,8,0,"S86"
"Boon Lay (East)",2016,1,9,0,"S86"
"Boon Lay (East)",2016,1,10,0,"S86"
"Boon Lay (East)",2016,1,11,9,"S86"
"Boon Lay (East)",2016,1,12,0,"S86"
"Boon Lay (East)",2016,1,13,4.2,"S86"
"Boon Lay (East)",2016,1,14,6.8,"S86"
"Boon Lay (East)",2016,1,15,1.2,"S86"
"Boon Lay (East)",2016,1,16,0.2,"S86"
"Boon Lay (East)",2016,1,17,15.4,"S86"
"Ang Mo Kio",2016,1,1,6.4,"S109"
"Ang Mo Kio",2016,1,2,17.2,"S109"
"Ang Mo Kio",2016,1,3,1.6,"S109"
"Ang Mo Kio",2016,1,4,1.8,"S109"
"Ang Mo Kio",2016,1,5,0,"S109"
"Ang Mo Kio",2016,1,6,0.2,"S109"
"Ang Mo Kio",2016,1,7,0,"S109"
"Ang Mo Kio",2016,1,8,0,"S109"
"Ang Mo Kio",2016,1,9,0,"S109"
"Ang Mo Kio",2016,1,10,0,"S109"
"Ang Mo Kio",2016,1,11,14.6,"S109"
"Ang Mo Kio",2016,1,12,1,"S109"
"Ang Mo Kio",2016,1,13,0,"S109"
"Ang Mo Kio",2016,1,14,0.2,"S109"
"Ang Mo Kio",2016,1,15,40.8,"S109"
"Ang Mo Kio",2016,1,16,0.4,"S109"
"Ang Mo Kio",2016,1,17,15.6,"S109"
"Ang Mo Kio",2016,1,18,11.2,"S109"
"Ang Mo Kio",2016,1,19,1.2,"S109"
"Ang Mo Kio",2016,1,20,2,"S109"
"Ang Mo Kio",2016,1,21,0.6,"S109"
"Ang Mo Kio",2016,1,22,11.8,"S109"
"Ang Mo Kio",2016,1,23,2.2,"S109"
"Ang Mo Kio",2016,1,24,1.2,"S109"
"Ang Mo Kio",2016,1,25,3.6,"S109"
"Ang Mo Kio",2016,1,26,2.2,"S109"
"Ang Mo Kio",2016,1,27,0,"S109"
"Ang Mo Kio",2016,1,28,0,"S109"
"Ang Mo Kio",2016,1,29,0.8,"S109"
"Ang Mo Kio",2016,1,30,0,"S109"
"Ang Mo Kio",2016,1,31,0,"S109"
"Admiralty West",2016,1,1,8.8,"S105"
"Admiralty West",2016,1,2,14.6,"S105"
"Admiralty West",2016,1,3,0.4,"S105"
"Admiralty West",2016,1,4,0,"S105"
"Admiralty West",2016,1,5,0,"S105"
"Admiralty West",2016,1,6,0.6,"S105"
"Admiralty West",2016,1,7,0,"S105"
"Admiralty West",2016,1,8,0,"S105"
"Admiralty West",2016,1,9,0,"S105"
"Admiralty West",2016,1,10,0,"S105"
"Admiralty West",2016,1,11,24,"S105"
"Admiralty West",2016,1,12,0,"S105"
"Admiralty West",2016,1,13,0,"S105"
"Admiralty West",2016,1,14,0.4,"S105"
"Admiralty West",2016,1,15,20.8,"S105"
"Admiralty West",2016,1,16,2.2,"S105"
"Admiralty West",2016,1,17,54.6,"S105"
"Admiralty West",2016,1,18,2.6,"S105"
"Admiralty West",2016,1,19,0,"S105"
"Admiralty West",2016,1,20,1,"S105"
"Admiralty West",2016,1,21,0.4,"S105"
"Admiralty West",2016,1,22,16,"S105"
"Admiralty West",2016,1,23,4.2,"S105"
"Admiralty West",2016,1,24,0,"S105"
"Admiralty West",2016,1,25,4.2,"S105"
"Admiralty West",2016,1,26,6,"S105"
"Admiralty West",2016,1,27,0.2,"S105"
"Admiralty West",2016,1,28,3.2,"S105"
"Admiralty West",2016,1,29,0,"S105"
"Admiralty West",2016,1,30,0,"S105"
"Admiralty West",2016,1,31,8.4,"S105"
"Admiralty",2016,1,1,10.4,"S104"
"Admiralty",2016,1,2,13,"S104"
"Admiralty",2016,1,3,0.2,"S104"
"Admiralty",2016,1,4,0.4,"S104"
"Admiralty",2016,1,5,0,"S104"
"Admiralty",2016,1,6,0.4,"S104"
"Admiralty",2016,1,7,0,"S104"
"Admiralty",2016,1,8,0,"S104"
"Admiralty",2016,1,9,0,"S104"
"Admiralty",2016,1,10,0,"S104"
"Admiralty",2016,1,11,33.8,"S104"
"Admiralty",2016,1,12,0,"S104"
"Admiralty",2016,1,13,0,"S104"
"Admiralty",2016,1,14,1.6,"S104"
"Admiralty",2016,1,15,16.6,"S104"
"Admiralty",2016,1,16,2,"S104"
"Admiralty",2016,1,17,20.8,"S104"
"Admiralty",2016,1,18,14,"S104"
"Admiralty",2016,1,19,0,"S104"
"Admiralty",2016,1,20,0.4,"S104"
"Admiralty",2016,1,21,0.4,"S104"
"Admiralty",2016,1,22,28.2,"S104"
"Admiralty",2016,1,23,6.6,"S104"
"Admiralty",2016,1,24,0,"S104"
"Admiralty",2016,1,25,5,"S104"
"Admiralty",2016,1,26,7.4,"S104"
"Admiralty",2016,1,27,0.2,"S104"
"Admiralty",2016,1,28,5.4,"S104"
"Admiralty",2016,1,29,0,"S104"
"Admiralty",2016,1,30,0,"S104"
"Admiralty",2016,1,31,7.6,"S104"
